Date,X40943,X42756,X47606,X43369,X19L13S,X44881,X40684,X45779,CAMN0001,UNDC,CAIN,CQ251,CAMN1,CAMN6,ERY,RSH,MNL,OVD,LVG
2/1/1895,0,NA,NA,NA,NA,NA,NA,NA,NA,NA,NA,NA,NA,NA,NA,NA,NA,NA,NA
3/1/1895,0.47,NA,NA,NA,NA,NA,NA,NA,NA,NA,NA,NA,NA,NA,NA,NA,NA,NA,NA
4/1/1895,0.73,NA,NA,NA,NA,NA,NA,NA,NA,NA,NA,NA,NA,NA,NA,NA,NA,NA,NA
5/1/1895,0.44,NA,NA,NA,NA,NA,NA,NA,NA,NA,NA,NA,NA,NA,NA,NA,NA,NA,NA
6/1/1895,0.29,NA,NA,NA,NA,NA,NA,NA,NA,NA,NA,NA,NA,NA,NA,NA,NA,NA,NA
7/1/1895,0.03,NA,NA,NA,NA,NA,NA,NA,NA,NA,NA,NA,NA,NA,NA,NA,NA,NA,NA
8/1/1895,0.26,NA,NA,NA,NA,NA,NA,NA,NA,NA,NA,NA,NA,NA,NA,NA,NA,NA,NA
9/1/1895,0.5,NA,NA,NA,NA,NA,NA,NA,NA,NA,NA,NA,NA,NA,NA,NA,NA,NA,NA
10/1/1895,0.37,NA,NA,NA,NA,NA,NA,NA,NA,NA,NA,NA,NA,NA,NA,NA,NA,NA,NA
11/1/1895,0.8,NA,NA,NA,NA,NA,NA,NA,NA,NA,NA,NA,NA,NA,NA,NA,NA,NA,NA
12/1/1895,1.35,NA,NA,NA,NA,NA,NA,NA,NA,NA,NA,NA,NA,NA,NA,NA,NA,NA,NA
1/1/1896,5.68,NA,NA,NA,NA,NA,NA,NA,NA,NA,NA,NA,NA,NA,NA,NA,NA,NA,NA
2/1/1896,0,NA,NA,NA,NA,NA,NA,NA,NA,NA,NA,NA,NA,NA,NA,NA,NA,NA,NA
3/1/1896,3.28,NA,NA,NA,NA,NA,NA,NA,NA,NA,NA,NA,NA,NA,NA,NA,NA,NA,NA
4/1/1896,2.64,NA,NA,NA,NA,NA,NA,NA,NA,NA,NA,NA,NA,NA,NA,NA,NA,NA,NA
5/1/1896,0.49,NA,NA,NA,NA,NA,NA,NA,NA,NA,NA,NA,NA,NA,NA,NA,NA,NA,NA
6/1/1896,0.53,NA,NA,NA,NA,NA,NA,NA,NA,NA,NA,NA,NA,NA,NA,NA,NA,NA,NA
7/1/1896,1.01,NA,NA,NA,NA,NA,NA,NA,NA,NA,NA,NA,NA,NA,NA,NA,NA,NA,NA
8/1/1896,1.83,NA,NA,NA,NA,NA,NA,NA,NA,NA,NA,NA,NA,NA,NA,NA,NA,NA,NA
9/1/1896,1,NA,NA,NA,NA,NA,NA,NA,NA,NA,NA,NA,NA,NA,NA,NA,NA,NA,NA
10/1/1896,0.81,NA,NA,NA,NA,NA,NA,NA,NA,NA,NA,NA,NA,NA,NA,NA,NA,NA,NA
11/1/1896,0.94,NA,NA,NA,NA,NA,NA,NA,NA,NA,NA,NA,NA,NA,NA,NA,NA,NA,NA
12/1/1896,0.86,NA,NA,NA,NA,NA,NA,NA,NA,NA,NA,NA,NA,NA,NA,NA,NA,NA,NA
1/1/1897,1.69,NA,NA,NA,NA,NA,NA,NA,NA,NA,NA,NA,NA,NA,NA,NA,NA,NA,NA
2/1/1897,4.39,NA,NA,NA,NA,NA,NA,NA,NA,NA,NA,NA,NA,NA,NA,NA,NA,NA,NA
3/1/1897,3.4,NA,NA,NA,NA,NA,NA,NA,NA,NA,NA,NA,NA,NA,NA,NA,NA,NA,NA
4/1/1897,0,NA,NA,NA,NA,NA,NA,NA,NA,NA,NA,NA,NA,NA,NA,NA,NA,NA,NA
5/1/1897,0.51,NA,NA,NA,NA,NA,NA,NA,NA,NA,NA,NA,NA,NA,NA,NA,NA,NA,NA
6/1/1897,0.17,NA,NA,NA,NA,NA,NA,NA,NA,NA,NA,NA,NA,NA,NA,NA,NA,NA,NA
7/1/1897,0.53,NA,NA,NA,NA,NA,NA,NA,NA,NA,NA,NA,NA,NA,NA,NA,NA,NA,NA
8/1/1897,0.47,NA,NA,NA,NA,NA,NA,NA,NA,NA,NA,NA,NA,NA,NA,NA,NA,NA,NA
9/1/1897,0.36,NA,NA,NA,NA,NA,NA,NA,NA,NA,NA,NA,NA,NA,NA,NA,NA,NA,NA
10/1/1897,1.61,NA,NA,NA,NA,NA,NA,NA,NA,NA,NA,NA,NA,NA,NA,NA,NA,NA,NA
11/1/1897,0.54,NA,NA,NA,NA,NA,NA,NA,NA,NA,NA,NA,NA,NA,NA,NA,NA,NA,NA
12/1/1897,2.53,NA,NA,NA,NA,NA,NA,NA,NA,NA,NA,NA,NA,NA,NA,NA,NA,NA,NA
1/1/1898,0.9,NA,NA,NA,NA,NA,NA,NA,NA,NA,NA,NA,NA,NA,NA,NA,NA,NA,NA
2/1/1898,0.77,NA,NA,NA,NA,NA,NA,NA,NA,NA,NA,NA,NA,NA,NA,NA,NA,NA,NA
3/1/1898,0.94,NA,NA,NA,NA,NA,NA,NA,NA,NA,NA,NA,NA,NA,NA,NA,NA,NA,NA
4/1/1898,0.28,NA,NA,NA,NA,NA,NA,NA,NA,NA,NA,NA,NA,NA,NA,NA,NA,NA,NA
5/1/1898,1.08,NA,NA,NA,NA,NA,NA,NA,NA,NA,NA,NA,NA,NA,NA,NA,NA,NA,NA
6/1/1898,0.01,NA,NA,NA,NA,NA,NA,NA,NA,NA,NA,NA,NA,NA,NA,NA,NA,NA,NA
7/1/1898,0.2,NA,NA,NA,NA,NA,NA,NA,NA,NA,NA,NA,NA,NA,NA,NA,NA,NA,NA
8/1/1898,0.6,NA,NA,NA,NA,NA,NA,NA,NA,NA,NA,NA,NA,NA,NA,NA,NA,NA,NA
9/1/1898,1.93,NA,NA,NA,NA,NA,NA,NA,NA,NA,NA,NA,NA,NA,NA,NA,NA,NA,NA
10/1/1898,0,NA,NA,NA,NA,NA,NA,NA,NA,NA,NA,NA,NA,NA,NA,NA,NA,NA,NA
11/1/1898,1,NA,NA,NA,NA,NA,NA,NA,NA,NA,NA,NA,NA,NA,NA,NA,NA,NA,NA
12/1/1898,0.14,NA,NA,NA,NA,NA,NA,NA,NA,NA,NA,NA,NA,NA,NA,NA,NA,NA,NA
1/1/1899,3.21,NA,NA,NA,NA,NA,NA,NA,NA,NA,NA,NA,NA,NA,NA,NA,NA,NA,NA
2/1/1899,0.14,NA,NA,NA,NA,NA,NA,NA,NA,NA,NA,NA,NA,NA,NA,NA,NA,NA,NA
3/1/1899,1.17,NA,NA,NA,NA,NA,NA,NA,NA,NA,NA,NA,NA,NA,NA,NA,NA,NA,NA
4/1/1899,0.44,NA,NA,NA,NA,NA,NA,NA,NA,NA,NA,NA,NA,NA,NA,NA,NA,NA,NA
5/1/1899,0.74,NA,NA,NA,NA,NA,NA,NA,NA,NA,NA,NA,NA,NA,NA,NA,NA,NA,NA
6/1/1899,0.58,NA,NA,NA,NA,NA,NA,NA,NA,NA,NA,NA,NA,NA,NA,NA,NA,NA,NA
7/1/1899,0.31,NA,NA,NA,NA,NA,NA,NA,NA,NA,NA,NA,NA,NA,NA,NA,NA,NA,NA
8/1/1899,0.88,NA,NA,NA,NA,NA,NA,NA,NA,NA,NA,NA,NA,NA,NA,NA,NA,NA,NA
10/1/1899,0.9,NA,NA,NA,NA,NA,NA,NA,NA,NA,NA,NA,NA,NA,NA,NA,NA,NA,NA
11/1/1899,0.25,NA,NA,NA,NA,NA,NA,NA,NA,NA,NA,NA,NA,NA,NA,NA,NA,NA,NA
12/1/1899,2.57,NA,NA,NA,NA,NA,NA,NA,NA,NA,NA,NA,NA,NA,NA,NA,NA,NA,NA
1/1/1900,0.61,NA,NA,NA,NA,NA,NA,NA,NA,NA,NA,NA,NA,NA,NA,NA,NA,NA,NA
2/1/1900,0.23,NA,NA,NA,NA,NA,NA,NA,NA,NA,NA,NA,NA,NA,NA,NA,NA,NA,NA
3/1/1900,1.73,NA,NA,NA,NA,NA,NA,NA,NA,NA,NA,NA,NA,NA,NA,NA,NA,NA,NA
4/1/1900,2.08,NA,NA,NA,NA,NA,NA,NA,NA,NA,NA,NA,NA,NA,NA,NA,NA,NA,NA
5/1/1900,0.48,NA,NA,NA,NA,NA,NA,NA,NA,NA,NA,NA,NA,NA,NA,NA,NA,NA,NA
6/1/1900,0.82,NA,NA,NA,NA,NA,NA,NA,NA,NA,NA,NA,NA,NA,NA,NA,NA,NA,NA
7/1/1900,0.09,NA,NA,NA,NA,NA,NA,NA,NA,NA,NA,NA,NA,NA,NA,NA,NA,NA,NA
8/1/1900,0.05,NA,NA,NA,NA,NA,NA,NA,NA,NA,NA,NA,NA,NA,NA,NA,NA,NA,NA
9/1/1900,0.88,NA,NA,NA,NA,NA,NA,NA,NA,NA,NA,NA,NA,NA,NA,NA,NA,NA,NA
10/1/1900,1.34,NA,NA,NA,NA,NA,NA,NA,NA,NA,NA,NA,NA,NA,NA,NA,NA,NA,NA
11/1/1900,3.93,NA,NA,NA,NA,NA,NA,NA,NA,NA,NA,NA,NA,NA,NA,NA,NA,NA,NA
12/1/1900,0.64,NA,NA,NA,NA,NA,NA,NA,NA,NA,NA,NA,NA,NA,NA,NA,NA,NA,NA
1/1/1901,7.39,NA,NA,NA,NA,NA,NA,NA,NA,NA,NA,NA,NA,NA,NA,NA,NA,NA,NA
2/1/1901,2.94,NA,NA,NA,NA,NA,NA,NA,NA,NA,NA,NA,NA,NA,NA,NA,NA,NA,NA
3/1/1901,1.58,NA,NA,NA,NA,NA,NA,NA,NA,NA,NA,NA,NA,NA,NA,NA,NA,NA,NA
4/1/1901,1.74,NA,NA,NA,NA,NA,NA,NA,NA,NA,NA,NA,NA,NA,NA,NA,NA,NA,NA
5/1/1901,0.77,NA,NA,NA,NA,NA,NA,NA,NA,NA,NA,NA,NA,NA,NA,NA,NA,NA,NA
6/1/1901,0.1,NA,NA,NA,NA,NA,NA,NA,NA,NA,NA,NA,NA,NA,NA,NA,NA,NA,NA
7/1/1901,0.39,NA,NA,NA,NA,NA,NA,NA,NA,NA,NA,NA,NA,NA,NA,NA,NA,NA,NA
8/1/1901,1.62,NA,NA,NA,NA,NA,NA,NA,NA,NA,NA,NA,NA,NA,NA,NA,NA,NA,NA
9/1/1901,0.2,NA,NA,NA,NA,NA,NA,NA,NA,NA,NA,NA,NA,NA,NA,NA,NA,NA,NA
10/1/1901,1.6,NA,NA,NA,NA,NA,NA,NA,NA,NA,NA,NA,NA,NA,NA,NA,NA,NA,NA
11/1/1901,1.39,NA,NA,NA,NA,NA,NA,NA,NA,NA,NA,NA,NA,NA,NA,NA,NA,NA,NA
12/1/1901,0.4,NA,NA,NA,NA,NA,NA,NA,NA,NA,NA,NA,NA,NA,NA,NA,NA,NA,NA
1/1/1902,0.37,NA,NA,NA,NA,NA,NA,NA,NA,NA,NA,NA,NA,NA,NA,NA,NA,NA,NA
2/1/1902,2.24,NA,NA,NA,NA,NA,NA,NA,NA,NA,NA,NA,NA,NA,NA,NA,NA,NA,NA
3/1/1902,2.56,NA,NA,NA,NA,NA,NA,NA,NA,NA,NA,NA,NA,NA,NA,NA,NA,NA,NA
4/1/1902,0.7,NA,NA,NA,NA,NA,NA,NA,NA,NA,NA,NA,NA,NA,NA,NA,NA,NA,NA
5/1/1902,0.5,NA,NA,NA,NA,NA,NA,NA,NA,NA,NA,NA,NA,NA,NA,NA,NA,NA,NA
7/1/1902,0.03,NA,NA,NA,NA,NA,NA,NA,NA,NA,NA,NA,NA,NA,NA,NA,NA,NA,NA
8/1/1902,0.4,NA,NA,NA,NA,NA,NA,NA,NA,NA,NA,NA,NA,NA,NA,NA,NA,NA,NA
9/1/1902,0,NA,NA,NA,NA,NA,NA,NA,NA,NA,NA,NA,NA,NA,NA,NA,NA,NA,NA
10/1/1902,0.58,NA,NA,NA,NA,NA,NA,NA,NA,NA,NA,NA,NA,NA,NA,NA,NA,NA,NA
11/1/1902,1.47,NA,NA,NA,NA,NA,NA,NA,NA,NA,NA,NA,NA,NA,NA,NA,NA,NA,NA
12/1/1902,0.15,NA,NA,NA,NA,NA,NA,NA,NA,NA,NA,NA,NA,NA,NA,NA,NA,NA,NA
1/1/1903,2.88,NA,NA,NA,NA,NA,NA,NA,NA,NA,NA,NA,NA,NA,NA,NA,NA,NA,NA
2/1/1903,1.04,NA,NA,NA,NA,NA,NA,NA,NA,NA,NA,NA,NA,NA,NA,NA,NA,NA,NA
3/1/1903,0.78,NA,NA,NA,NA,NA,NA,NA,NA,NA,NA,NA,NA,NA,NA,NA,NA,NA,NA
4/1/1903,0.88,NA,NA,NA,NA,NA,NA,NA,NA,NA,NA,NA,NA,NA,NA,NA,NA,NA,NA
5/1/1903,0.6,NA,NA,NA,NA,NA,NA,NA,NA,NA,NA,NA,NA,NA,NA,NA,NA,NA,NA
6/1/1903,0.31,NA,NA,NA,NA,NA,NA,NA,NA,NA,NA,NA,NA,NA,NA,NA,NA,NA,NA
7/1/1903,0,NA,NA,NA,NA,NA,NA,NA,NA,NA,NA,NA,NA,NA,NA,NA,NA,NA,NA
8/1/1903,0,NA,NA,NA,NA,NA,NA,NA,NA,NA,NA,NA,NA,NA,NA,NA,NA,NA,NA
9/1/1903,0.3,NA,NA,NA,NA,NA,NA,NA,NA,NA,NA,NA,NA,NA,NA,NA,NA,NA,NA
10/1/1903,0,NA,NA,NA,NA,NA,NA,NA,NA,NA,NA,NA,NA,NA,NA,NA,NA,NA,NA
12/1/1903,0,NA,NA,NA,NA,NA,NA,NA,NA,NA,NA,NA,NA,NA,NA,NA,NA,NA,NA
2/1/1904,1.6,NA,NA,NA,NA,NA,NA,NA,NA,NA,NA,NA,NA,NA,NA,NA,NA,NA,NA
3/1/1904,1.8,NA,NA,NA,NA,NA,NA,NA,NA,NA,NA,NA,NA,NA,NA,NA,NA,NA,NA
4/1/1904,1,NA,NA,NA,NA,NA,NA,NA,NA,NA,NA,NA,NA,NA,NA,NA,NA,NA,NA
5/1/1904,0.3,NA,NA,NA,NA,NA,NA,NA,NA,NA,NA,NA,NA,NA,NA,NA,NA,NA,NA
6/1/1904,0,NA,NA,NA,NA,NA,NA,NA,NA,NA,NA,NA,NA,NA,NA,NA,NA,NA,NA
7/1/1904,2,NA,NA,NA,NA,NA,NA,NA,NA,NA,NA,NA,NA,NA,NA,NA,NA,NA,NA
9/1/1904,1.03,NA,NA,NA,NA,NA,NA,NA,NA,NA,NA,NA,NA,NA,NA,NA,NA,NA,NA
10/1/1904,0.45,NA,NA,NA,NA,NA,NA,NA,NA,NA,NA,NA,NA,NA,NA,NA,NA,NA,NA
11/1/1904,0,NA,NA,NA,NA,NA,NA,NA,NA,NA,NA,NA,NA,NA,NA,NA,NA,NA,NA
12/1/1904,0.74,NA,NA,NA,NA,NA,NA,NA,NA,NA,NA,NA,NA,NA,NA,NA,NA,NA,NA
4/1/1905,0.55,NA,NA,NA,NA,NA,NA,NA,NA,NA,NA,NA,NA,NA,NA,NA,NA,NA,NA
10/1/1905,0,NA,NA,NA,NA,NA,NA,NA,NA,NA,NA,NA,NA,NA,NA,NA,NA,NA,NA
11/1/1909,3.51,NA,NA,NA,NA,NA,NA,NA,NA,NA,NA,NA,NA,NA,NA,NA,NA,NA,NA
12/1/1909,4.22,NA,NA,NA,NA,NA,NA,NA,NA,NA,NA,NA,NA,NA,NA,NA,NA,NA,NA
1/1/1910,2.48,NA,NA,NA,NA,NA,NA,NA,NA,NA,NA,NA,NA,NA,NA,NA,NA,NA,NA
2/1/1910,1.9,NA,NA,NA,NA,NA,NA,NA,NA,NA,NA,NA,NA,NA,NA,NA,NA,NA,NA
3/1/1910,0.32,NA,NA,NA,NA,NA,NA,NA,NA,NA,NA,NA,NA,NA,NA,NA,NA,NA,NA
4/1/1910,0.26,NA,NA,NA,NA,NA,NA,NA,NA,NA,NA,NA,NA,NA,NA,NA,NA,NA,NA
5/1/1910,0,NA,NA,NA,NA,NA,NA,NA,NA,NA,NA,NA,NA,NA,NA,NA,NA,NA,NA
6/1/1910,0,NA,NA,NA,NA,NA,NA,NA,NA,NA,NA,NA,NA,NA,NA,NA,NA,NA,NA
7/1/1910,0.91,NA,NA,NA,NA,NA,NA,NA,NA,NA,NA,NA,NA,NA,NA,NA,NA,NA,NA
8/1/1910,0,NA,NA,NA,NA,NA,NA,NA,NA,NA,NA,NA,NA,NA,NA,NA,NA,NA,NA
9/1/1910,0.83,NA,NA,NA,NA,NA,NA,NA,NA,NA,NA,NA,NA,NA,NA,NA,NA,NA,NA
10/1/1910,0.02,NA,NA,NA,NA,NA,NA,NA,NA,NA,NA,NA,NA,NA,NA,NA,NA,NA,NA
11/1/1910,0.67,NA,NA,NA,NA,NA,NA,NA,NA,NA,NA,NA,NA,NA,NA,NA,NA,NA,NA
1/1/1924,NA,NA,NA,NA,NA,NA,NA,NA,NA,NA,NA,NA,NA,NA,0,NA,NA,NA,NA
2/1/1924,NA,NA,NA,NA,NA,NA,NA,NA,NA,NA,NA,NA,NA,NA,2.51,NA,NA,NA,NA
3/1/1924,NA,NA,NA,NA,NA,NA,NA,NA,NA,NA,NA,NA,NA,NA,9.31,NA,NA,NA,NA
11/1/1924,NA,2.51,NA,0.12,NA,NA,NA,NA,NA,NA,NA,NA,NA,NA,NA,NA,NA,NA,NA
12/1/1924,NA,9.31,NA,6.68,NA,NA,NA,NA,NA,NA,NA,NA,NA,NA,NA,NA,NA,NA,NA
1/1/1925,NA,1.71,NA,2.57,NA,NA,NA,NA,NA,NA,NA,NA,NA,NA,1.63,NA,NA,NA,NA
2/1/1925,NA,5.64,NA,7.31,NA,NA,NA,NA,NA,NA,NA,NA,NA,NA,1.41,NA,NA,NA,NA
3/1/1925,NA,1.77,NA,2.32,NA,NA,NA,NA,NA,NA,NA,NA,NA,NA,1.32,NA,NA,NA,NA
4/1/1925,NA,2.82,NA,3.26,NA,NA,NA,NA,NA,NA,NA,NA,NA,NA,NA,NA,NA,NA,NA
5/1/1925,NA,0.38,NA,0.27,NA,NA,NA,NA,NA,NA,NA,NA,NA,NA,1.71,NA,NA,NA,NA
6/1/1925,NA,0.73,NA,0.75,NA,NA,NA,NA,NA,NA,NA,NA,NA,NA,5.64,NA,NA,NA,NA
7/1/1925,NA,2.09,NA,1.64,NA,NA,NA,NA,NA,NA,NA,NA,NA,NA,1.77,NA,NA,NA,NA
8/1/1925,NA,2.13,NA,0.43,NA,NA,NA,NA,NA,NA,NA,NA,NA,NA,2.82,NA,NA,NA,NA
9/1/1925,NA,0.38,NA,0.33,NA,NA,NA,NA,NA,NA,NA,NA,NA,NA,0.38,NA,NA,NA,NA
10/1/1925,NA,1.25,NA,2.18,NA,NA,NA,NA,NA,NA,NA,NA,NA,NA,0,NA,NA,NA,NA
11/1/1925,NA,1.41,NA,1.24,NA,NA,NA,NA,NA,NA,NA,NA,NA,NA,2.09,NA,NA,NA,NA
12/1/1925,NA,1.32,NA,1.2,NA,NA,NA,NA,NA,NA,NA,NA,NA,NA,2.13,NA,NA,NA,NA
1/1/1926,NA,3.39,NA,5.75,NA,NA,NA,NA,NA,NA,NA,NA,NA,NA,0.74,NA,NA,NA,NA
2/1/1926,NA,7.62,NA,9.15,NA,NA,NA,NA,NA,NA,NA,NA,NA,NA,8.96,NA,NA,NA,NA
3/1/1926,NA,0.86,NA,0.91,NA,NA,NA,NA,NA,NA,NA,NA,NA,NA,6.03,NA,NA,NA,NA
4/1/1926,NA,4.34,NA,3.98,NA,NA,NA,NA,NA,NA,NA,NA,NA,NA,3.39,NA,NA,NA,NA
5/1/1926,NA,1.11,NA,0.77,NA,NA,NA,NA,NA,NA,NA,NA,NA,NA,7.62,NA,NA,NA,NA
6/1/1926,NA,2.72,NA,1.19,NA,NA,NA,NA,NA,NA,NA,NA,NA,NA,0.86,NA,NA,NA,NA
7/1/1926,NA,1.54,NA,1.95,NA,NA,NA,NA,NA,NA,NA,NA,NA,NA,4.34,NA,NA,NA,NA
8/1/1926,NA,0,NA,0,NA,NA,NA,NA,NA,NA,NA,NA,NA,NA,1.11,NA,NA,NA,NA
9/1/1926,NA,0,NA,0,NA,NA,NA,NA,NA,NA,NA,NA,NA,NA,2.72,NA,NA,NA,NA
10/1/1926,NA,0.74,NA,0.9,NA,NA,NA,NA,NA,NA,NA,NA,NA,NA,1.54,NA,NA,NA,NA
11/1/1926,NA,8.96,NA,5.73,NA,NA,NA,NA,NA,NA,NA,NA,NA,NA,0,NA,NA,NA,NA
12/1/1926,NA,6.03,NA,5.78,NA,NA,NA,NA,NA,NA,NA,NA,NA,NA,0,NA,NA,NA,NA
1/1/1927,NA,4.31,NA,2.74,NA,NA,NA,NA,NA,NA,NA,NA,NA,NA,4.02,NA,NA,NA,NA
2/1/1927,NA,8.44,NA,5.07,NA,NA,NA,NA,NA,NA,NA,NA,NA,NA,3.63,NA,NA,NA,NA
3/1/1927,NA,3.55,NA,3.46,NA,NA,NA,NA,NA,NA,NA,NA,NA,NA,6.3,NA,NA,NA,NA
4/1/1927,NA,5.22,NA,4.32,NA,NA,NA,NA,NA,NA,NA,NA,NA,NA,4.31,NA,NA,NA,NA
5/1/1927,NA,0.82,NA,0.71,NA,NA,NA,NA,NA,NA,NA,NA,NA,NA,8.44,NA,NA,NA,NA
6/1/1927,NA,1.22,NA,1.45,NA,NA,NA,NA,NA,NA,NA,NA,NA,NA,3.55,NA,NA,NA,NA
7/1/1927,NA,0.75,NA,0.66,NA,NA,NA,NA,NA,NA,NA,NA,NA,NA,5.22,NA,NA,NA,NA
8/1/1927,NA,0,NA,0,NA,NA,NA,NA,NA,NA,NA,NA,NA,NA,0.82,NA,NA,NA,NA
9/1/1927,NA,0.76,NA,0.77,NA,NA,NA,NA,NA,NA,NA,NA,NA,NA,1.22,NA,NA,NA,NA
10/1/1927,NA,5.97,NA,2.87,NA,NA,NA,NA,NA,NA,NA,NA,NA,NA,0.75,NA,NA,NA,NA
11/1/1927,NA,3.63,NA,2.87,NA,NA,NA,NA,NA,NA,NA,NA,NA,NA,0,NA,NA,NA,NA
12/1/1927,NA,6.3,NA,4.11,NA,NA,NA,NA,NA,NA,NA,NA,NA,NA,0.76,NA,NA,NA,NA
1/1/1928,NA,2.96,NA,3.03,NA,NA,NA,NA,NA,NA,NA,NA,NA,NA,0.96,NA,NA,NA,NA
2/1/1928,NA,3.6,NA,3.1,NA,NA,NA,NA,NA,NA,NA,NA,NA,NA,2.67,NA,NA,NA,NA
3/1/1928,NA,8.01,NA,4.32,NA,NA,NA,NA,NA,NA,NA,NA,NA,NA,5.63,NA,NA,NA,NA
4/1/1928,NA,2.91,NA,3.31,NA,NA,NA,NA,NA,NA,NA,NA,NA,NA,3.26,NA,NA,NA,NA
5/1/1928,NA,1.52,NA,1.72,NA,NA,NA,NA,NA,NA,NA,NA,NA,NA,3.68,NA,NA,NA,NA
6/1/1928,NA,0.68,NA,0.26,NA,NA,NA,NA,NA,NA,NA,NA,NA,NA,8.07,NA,NA,NA,NA
7/1/1928,NA,0,NA,0.34,NA,NA,NA,NA,NA,NA,NA,NA,NA,NA,3.81,NA,NA,NA,NA
8/1/1928,NA,0,NA,0,NA,NA,NA,NA,NA,NA,NA,NA,NA,NA,1.52,NA,NA,NA,NA
9/1/1928,NA,0,NA,NA,NA,NA,NA,NA,NA,NA,NA,NA,NA,NA,0.68,NA,NA,NA,NA
10/1/1928,NA,0.96,NA,1.45,NA,NA,NA,NA,NA,NA,NA,NA,NA,NA,0,NA,NA,NA,NA
11/1/1928,NA,2.67,NA,1.15,NA,NA,NA,NA,NA,NA,NA,NA,NA,NA,0,NA,NA,NA,NA
12/1/1928,NA,5.63,NA,2.63,NA,NA,NA,NA,NA,NA,NA,NA,NA,NA,0,NA,NA,NA,NA
1/1/1929,NA,5.79,NA,3.01,NA,NA,NA,NA,NA,NA,NA,NA,NA,NA,0.26,NA,NA,NA,NA
2/1/1929,NA,2.98,NA,3.93,NA,NA,NA,NA,NA,NA,NA,NA,NA,NA,0,NA,NA,NA,NA
3/1/1929,NA,7.06,NA,7.12,NA,NA,NA,NA,NA,NA,NA,NA,NA,NA,4.8,NA,NA,NA,NA
4/1/1929,NA,4.65,NA,2.1,NA,NA,NA,NA,NA,NA,NA,NA,NA,NA,NA,NA,NA,NA,NA
5/1/1929,NA,2.18,NA,0.8,NA,NA,NA,NA,NA,NA,NA,NA,NA,NA,5.79,NA,NA,NA,NA
6/1/1929,NA,4.41,NA,0.42,NA,NA,NA,NA,NA,NA,NA,NA,NA,NA,2.98,NA,NA,NA,NA
7/1/1929,NA,0.12,NA,0,NA,NA,NA,NA,NA,NA,NA,NA,NA,NA,7.06,NA,NA,NA,NA
8/1/1929,NA,0.11,NA,0.62,NA,NA,NA,NA,NA,NA,NA,NA,NA,NA,4.65,NA,NA,NA,NA
9/1/1929,NA,0.26,NA,0.29,NA,NA,NA,NA,NA,NA,NA,NA,NA,NA,2.26,NA,NA,NA,NA
10/1/1929,NA,0,NA,0.07,NA,NA,NA,NA,NA,NA,NA,NA,NA,NA,4.43,NA,NA,NA,NA
11/1/1929,NA,0,NA,0,NA,NA,NA,NA,NA,NA,NA,NA,NA,NA,0.12,NA,NA,NA,NA
12/1/1929,NA,4.8,NA,3.87,NA,NA,NA,NA,NA,NA,NA,NA,NA,NA,0.11,NA,NA,NA,NA
1/1/1930,NA,5.95,NA,6.84,NA,NA,NA,NA,NA,NA,NA,NA,NA,NA,1.15,NA,NA,NA,NA
2/1/1930,NA,5.2,NA,2.79,NA,NA,NA,NA,NA,NA,NA,NA,NA,NA,3.01,NA,NA,NA,NA
3/1/1930,NA,8.02,NA,4.8,NA,NA,NA,NA,NA,NA,NA,NA,NA,NA,0.15,NA,NA,NA,NA
4/1/1930,NA,3.85,NA,2.81,NA,NA,NA,NA,NA,NA,NA,NA,NA,NA,6.65,NA,NA,NA,NA
5/1/1930,NA,4.91,NA,2.16,NA,NA,NA,NA,NA,NA,NA,NA,NA,NA,5.2,NA,NA,NA,NA
6/1/1930,NA,0.53,NA,0,NA,NA,NA,NA,NA,NA,NA,NA,NA,NA,8.02,NA,NA,NA,NA
7/1/1930,NA,0.16,NA,0,NA,NA,NA,NA,NA,NA,NA,NA,NA,NA,6.1,NA,NA,NA,NA
8/1/1930,NA,1.84,NA,0.2,NA,NA,NA,NA,NA,NA,NA,NA,NA,NA,4.92,NA,NA,NA,NA
9/1/1930,NA,1.21,NA,0.33,NA,NA,NA,NA,NA,NA,NA,NA,NA,NA,0.53,NA,NA,NA,NA
10/1/1930,NA,1.05,NA,1.25,NA,NA,NA,NA,NA,NA,NA,NA,NA,NA,0.16,NA,NA,NA,NA
11/1/1930,NA,2.7,NA,1.31,NA,NA,NA,NA,NA,NA,NA,NA,NA,NA,1.84,NA,NA,NA,NA
12/1/1930,NA,0.15,NA,0.07,NA,NA,NA,NA,NA,NA,NA,NA,NA,NA,1.21,NA,NA,NA,NA
1/1/1931,NA,2.71,NA,5.27,NA,NA,NA,NA,NA,NA,NA,NA,NA,NA,0.58,NA,NA,NA,NA
2/1/1931,NA,2.35,NA,2.95,NA,NA,NA,NA,NA,NA,NA,NA,NA,NA,3,NA,NA,NA,NA
3/1/1931,NA,2.21,NA,1.84,NA,NA,NA,NA,NA,NA,NA,NA,NA,NA,9.92,NA,NA,NA,NA
4/1/1931,NA,2.06,NA,2.45,NA,NA,NA,NA,NA,NA,NA,NA,NA,NA,4.1,NA,NA,NA,NA
5/1/1931,NA,2.16,NA,0.75,NA,NA,NA,NA,NA,NA,0.3,NA,NA,NA,2.35,NA,NA,NA,NA
6/1/1931,NA,1.15,NA,1,NA,NA,NA,NA,NA,NA,0.86,NA,NA,NA,2.21,NA,NA,NA,NA
7/1/1931,NA,0.14,NA,0,NA,NA,NA,NA,NA,NA,0.22,NA,NA,NA,2.06,NA,NA,NA,NA
8/1/1931,NA,2.38,NA,2.1,NA,NA,NA,NA,NA,NA,0.91,NA,NA,NA,2.16,NA,NA,NA,NA
9/1/1931,NA,0.68,NA,0.63,NA,NA,NA,NA,NA,NA,0.48,NA,NA,NA,1.15,NA,NA,NA,NA
10/1/1931,NA,0.58,NA,1.77,NA,NA,NA,NA,NA,NA,0.13,NA,NA,NA,0.14,NA,NA,NA,NA
11/1/1931,NA,3,NA,5.24,NA,NA,NA,NA,NA,NA,3.1,NA,NA,NA,2.38,NA,NA,NA,NA
12/1/1931,NA,9.92,NA,6.21,NA,NA,NA,NA,NA,NA,3.2,NA,NA,NA,0.68,NA,NA,NA,NA
1/1/1932,NA,3.83,NA,3.41,NA,NA,NA,NA,NA,NA,3.3,NA,NA,NA,0.04,NA,NA,NA,NA
2/1/1932,NA,5.27,NA,7.26,NA,NA,NA,NA,NA,NA,NA,NA,NA,NA,0.48,NA,NA,NA,NA
3/1/1932,NA,1.08,NA,0.75,NA,NA,NA,NA,NA,NA,5.02,NA,NA,NA,2.64,NA,NA,NA,NA
4/1/1932,NA,1.22,NA,0.62,NA,NA,NA,NA,NA,NA,0.4,NA,NA,NA,3.83,NA,NA,NA,NA
5/1/1932,NA,1.17,NA,0.96,NA,NA,NA,NA,NA,NA,0.31,NA,NA,NA,5.27,NA,NA,NA,NA
6/1/1932,NA,0.7,NA,1.1,NA,NA,NA,NA,NA,NA,0.38,NA,NA,NA,1.08,NA,NA,NA,NA
7/1/1932,NA,0.31,NA,0,NA,NA,NA,NA,NA,NA,0,NA,NA,NA,1.22,NA,NA,NA,NA
8/1/1932,NA,0,NA,0,NA,NA,NA,NA,NA,NA,0,NA,NA,NA,1.17,NA,NA,NA,NA
9/1/1932,NA,1.13,NA,1.23,NA,NA,NA,NA,NA,NA,0.07,NA,NA,NA,0.7,NA,NA,NA,NA
10/1/1932,NA,0.04,NA,0.38,NA,NA,NA,NA,NA,NA,0,NA,NA,NA,0.31,NA,NA,NA,NA
11/1/1932,NA,0.48,NA,0.43,NA,NA,NA,NA,NA,NA,0.1,NA,NA,NA,0,NA,NA,NA,NA
12/1/1932,NA,2.64,NA,1.97,NA,NA,NA,NA,NA,NA,0.65,NA,NA,NA,1.13,NA,NA,NA,NA
1/1/1933,NA,7.05,NA,6.31,NA,NA,NA,NA,NA,NA,3.45,NA,NA,NA,1.49,NA,NA,NA,NA
2/1/1933,NA,0.97,NA,0.95,NA,NA,NA,NA,NA,NA,NA,NA,NA,NA,0.24,NA,NA,NA,NA
3/1/1933,NA,3.63,NA,2.79,NA,NA,NA,NA,NA,NA,1.75,NA,NA,NA,7.02,NA,NA,NA,NA
4/1/1933,NA,1.01,NA,0.3,NA,NA,NA,NA,NA,NA,0.45,NA,NA,NA,NA,NA,NA,NA,NA
5/1/1933,NA,2.39,NA,2.36,NA,NA,NA,NA,NA,NA,0.65,NA,NA,NA,7.05,NA,NA,NA,NA
6/1/1933,NA,0.57,NA,0.96,NA,NA,NA,NA,NA,NA,0.3,NA,NA,NA,0.97,NA,NA,NA,NA
7/1/1933,NA,0.32,NA,0,NA,NA,NA,NA,NA,NA,0.09,NA,NA,NA,3.63,NA,NA,NA,NA
8/1/1933,NA,0.56,NA,0.31,NA,NA,NA,NA,NA,NA,0.1,NA,NA,NA,1.01,NA,NA,NA,NA
9/1/1933,NA,0.25,NA,0,NA,NA,NA,NA,NA,NA,0,NA,NA,NA,2.39,NA,NA,NA,NA
10/1/1933,NA,1.24,NA,1.31,NA,NA,NA,NA,NA,NA,0.51,NA,NA,NA,0.57,NA,NA,NA,NA
11/1/1933,NA,0.24,NA,0.47,NA,NA,NA,NA,NA,NA,0,NA,NA,NA,0.32,NA,NA,NA,NA
12/1/1933,NA,7.02,NA,5.15,NA,NA,NA,NA,NA,NA,2.84,NA,NA,NA,0.56,NA,NA,NA,NA
1/1/1934,NA,2.43,NA,1.53,NA,NA,NA,NA,NA,NA,0.3,NA,NA,NA,1.69,NA,NA,NA,NA
2/1/1934,NA,3.57,NA,3.42,NA,NA,NA,NA,NA,NA,NA,NA,NA,NA,3.67,NA,NA,NA,NA
3/1/1934,NA,1.64,NA,0.91,NA,NA,NA,NA,NA,NA,1.37,NA,NA,NA,2.3,NA,NA,NA,NA
4/1/1934,NA,0.05,NA,0,NA,NA,NA,NA,NA,NA,0,NA,NA,NA,2.43,NA,NA,NA,NA
5/1/1934,NA,0.91,NA,0.64,NA,NA,NA,NA,NA,NA,0,NA,NA,NA,3.57,NA,NA,NA,NA
6/1/1934,NA,3.27,NA,1.59,NA,NA,NA,NA,NA,NA,1.97,NA,NA,NA,1.64,NA,NA,NA,NA
7/1/1934,NA,0,NA,0,NA,NA,NA,NA,NA,NA,0.06,NA,NA,NA,0.05,NA,NA,NA,NA
8/1/1934,NA,1.23,NA,1.21,NA,NA,NA,NA,NA,NA,0.6,NA,NA,NA,0.91,NA,NA,NA,NA
9/1/1934,NA,0.76,NA,0.81,NA,NA,NA,NA,NA,NA,0.13,NA,NA,NA,3.27,NA,NA,NA,NA
10/1/1934,NA,1.69,NA,1.62,NA,NA,NA,NA,NA,NA,1.01,NA,NA,NA,0,NA,NA,NA,NA
11/1/1934,NA,3.67,NA,2.37,NA,NA,NA,NA,NA,NA,0.52,NA,NA,NA,1.23,NA,NA,NA,NA
12/1/1934,NA,2.3,NA,2.03,NA,NA,NA,NA,NA,NA,0.8,NA,NA,NA,0.76,NA,NA,NA,NA
1/1/1935,NA,6.91,NA,7.48,NA,NA,NA,NA,NA,NA,3.9,NA,NA,NA,1.49,NA,NA,NA,NA
2/1/1935,NA,2.71,NA,2.56,NA,NA,NA,NA,NA,NA,NA,NA,NA,NA,1.9,NA,NA,NA,NA
3/1/1935,NA,3.3,NA,3.62,NA,NA,NA,NA,NA,NA,6.34,NA,NA,NA,3.75,NA,NA,NA,NA
4/1/1935,NA,7.23,NA,5.79,NA,NA,NA,NA,NA,NA,1.33,NA,NA,NA,6.91,NA,NA,NA,NA
5/1/1935,NA,0.89,NA,0.14,NA,NA,NA,NA,NA,NA,0,NA,NA,NA,2.71,NA,NA,NA,NA
6/1/1935,NA,0,NA,0,NA,NA,NA,NA,NA,NA,0,NA,NA,NA,3.3,NA,NA,NA,NA
7/1/1935,NA,0.52,NA,0.33,NA,NA,NA,NA,NA,NA,0.63,NA,NA,NA,7.23,NA,NA,NA,NA
8/1/1935,NA,1.04,NA,2.25,NA,NA,NA,NA,NA,NA,0.65,NA,NA,NA,0.89,NA,NA,NA,NA
9/1/1935,NA,0.07,NA,0.03,NA,NA,NA,NA,NA,NA,0,NA,NA,NA,0,NA,NA,NA,NA
10/1/1935,NA,1.49,NA,1.01,NA,NA,NA,NA,NA,NA,0.32,NA,NA,NA,0.53,NA,NA,NA,NA
11/1/1935,NA,1.9,NA,1.05,NA,NA,NA,NA,NA,NA,0.3,NA,NA,NA,1.04,NA,NA,NA,NA
12/1/1935,NA,3.75,NA,3.31,NA,NA,NA,NA,NA,NA,1.47,NA,NA,NA,0.07,NA,NA,NA,NA
1/1/1936,NA,8.16,NA,3.13,NA,NA,NA,NA,NA,NA,1.03,NA,NA,NA,2.61,NA,NA,NA,NA
2/1/1936,NA,16.16,NA,9.23,NA,NA,NA,NA,NA,NA,NA,NA,NA,NA,0,NA,NA,NA,NA
3/1/1936,NA,2,NA,1.56,NA,NA,NA,NA,NA,NA,4.82,NA,NA,NA,6.49,NA,NA,NA,NA
4/1/1936,NA,2.05,NA,1.64,NA,NA,NA,NA,NA,NA,0.2,NA,NA,NA,8.16,NA,NA,NA,NA
5/1/1936,NA,0.72,NA,0.28,NA,NA,NA,NA,NA,NA,0.14,NA,NA,NA,16.16,NA,NA,NA,NA
6/1/1936,NA,1.22,NA,0.94,NA,NA,NA,NA,NA,NA,0,NA,NA,NA,2,NA,NA,NA,NA
7/1/1936,NA,1.47,NA,2.36,NA,NA,NA,NA,NA,NA,0.48,NA,NA,NA,2.05,NA,NA,NA,NA
8/1/1936,NA,0.65,NA,0.57,NA,NA,NA,NA,NA,NA,0.36,NA,NA,NA,0.72,NA,NA,NA,NA
9/1/1936,NA,0.21,NA,0.04,NA,NA,NA,NA,NA,NA,0.11,NA,NA,NA,1.22,NA,NA,NA,NA
10/1/1936,NA,2.61,NA,2.26,NA,NA,NA,NA,NA,NA,1.33,NA,NA,NA,1.47,NA,NA,NA,NA
11/1/1936,NA,0,NA,0,NA,NA,NA,NA,NA,NA,0,NA,NA,NA,0.65,NA,NA,NA,NA
12/1/1936,NA,6.49,NA,8.03,NA,NA,NA,NA,NA,NA,4.3,NA,NA,NA,0.21,NA,NA,NA,NA
1/1/1937,NA,3.84,NA,4.12,NA,NA,NA,NA,NA,NA,2.4,NA,NA,NA,0.6,NA,NA,NA,NA
2/1/1937,NA,8.95,NA,6.94,NA,NA,NA,NA,NA,NA,NA,NA,NA,NA,2.78,NA,NA,NA,NA
3/1/1937,NA,3.79,NA,2.44,NA,NA,NA,NA,NA,NA,4.85,NA,NA,NA,7.26,NA,NA,NA,NA
4/1/1937,NA,1.88,NA,0.67,NA,NA,NA,NA,NA,NA,0.25,NA,NA,NA,NA,NA,NA,NA,NA
5/1/1937,NA,0,NA,0,NA,NA,NA,NA,NA,NA,0,NA,NA,NA,3.84,NA,NA,NA,NA
6/1/1937,NA,0.8,NA,0,NA,NA,NA,NA,NA,NA,0.12,NA,NA,NA,8.95,NA,NA,NA,NA
7/1/1937,NA,2.31,NA,0.47,NA,NA,NA,NA,NA,NA,0.08,NA,NA,NA,3.79,NA,NA,NA,NA
8/1/1937,NA,0.1,NA,0,NA,NA,NA,NA,NA,NA,0.02,NA,NA,NA,1.88,NA,NA,NA,NA
9/1/1937,NA,0,NA,0,NA,NA,NA,NA,NA,NA,0,NA,NA,NA,0,NA,NA,NA,NA
10/1/1937,NA,0.6,NA,0.25,NA,NA,NA,NA,NA,NA,0.05,NA,NA,NA,0.8,NA,NA,NA,NA
11/1/1937,NA,2.78,NA,1.11,NA,NA,NA,NA,NA,NA,0.4,NA,NA,NA,2.31,NA,NA,NA,NA
12/1/1937,NA,7.26,NA,4.87,NA,NA,NA,NA,NA,NA,5.2,NA,NA,NA,0.1,NA,NA,NA,NA
1/1/1938,NA,2.89,NA,2.23,NA,NA,NA,NA,NA,NA,0.05,NA,NA,NA,2.77,NA,NA,NA,NA
2/1/1938,NA,8.69,NA,10.28,NA,NA,NA,NA,NA,NA,NA,NA,NA,NA,1.59,NA,NA,NA,NA
3/1/1938,NA,10.03,NA,8.51,NA,NA,NA,NA,NA,NA,13.6,NA,NA,NA,0.92,NA,NA,NA,NA
4/1/1938,NA,2.22,NA,1.45,NA,NA,NA,NA,NA,NA,0.11,NA,NA,NA,2.89,NA,NA,NA,NA
5/1/1938,NA,1.17,NA,2.26,NA,NA,NA,NA,NA,NA,1.34,NA,NA,NA,8.69,NA,NA,NA,NA
6/1/1938,NA,1.37,NA,1.08,NA,NA,NA,NA,NA,NA,1.16,NA,NA,NA,10.03,NA,NA,NA,NA
7/1/1938,NA,0.7,NA,0.85,NA,NA,NA,NA,NA,NA,0.31,NA,NA,NA,2.22,NA,NA,NA,NA
8/1/1938,NA,0.44,NA,0.21,NA,NA,NA,NA,NA,NA,0.08,NA,NA,NA,1.17,NA,NA,NA,NA
9/1/1938,NA,0.94,NA,1.27,NA,NA,NA,NA,NA,NA,0.4,NA,NA,NA,1.37,NA,NA,NA,NA
10/1/1938,NA,2.77,NA,1.57,NA,NA,NA,NA,NA,NA,1.16,NA,NA,NA,0.7,NA,NA,NA,NA
11/1/1938,NA,1.59,NA,0.68,NA,NA,NA,NA,NA,NA,0.21,NA,NA,NA,0.44,NA,NA,NA,NA
12/1/1938,NA,0.92,NA,1.75,NA,NA,NA,NA,NA,NA,0.44,NA,NA,NA,0.94,NA,NA,NA,NA
1/1/1939,NA,3.58,NA,3.24,NA,NA,NA,NA,NA,NA,1.62,NA,NA,NA,1.84,NA,NA,NA,NA
2/1/1939,NA,3,NA,2.91,NA,NA,NA,NA,NA,NA,NA,NA,NA,NA,0.08,NA,NA,NA,NA
3/1/1939,NA,2.71,NA,2.84,NA,NA,NA,NA,NA,NA,1.81,NA,NA,NA,0.63,NA,NA,NA,NA
4/1/1939,NA,0.59,NA,1.01,NA,NA,NA,NA,NA,NA,0.45,NA,NA,NA,3.58,NA,NA,NA,NA
5/1/1939,NA,1.01,NA,0.63,NA,NA,NA,NA,NA,NA,0.1,NA,NA,NA,3,NA,NA,NA,NA
6/1/1939,NA,0.93,NA,0.35,NA,NA,NA,NA,NA,NA,0.78,NA,NA,NA,2.71,NA,NA,NA,NA
7/1/1939,NA,0.63,NA,0.59,NA,NA,NA,NA,NA,NA,0.45,NA,NA,NA,0.59,NA,NA,NA,NA
8/1/1939,NA,0.76,NA,0.32,NA,NA,NA,NA,NA,NA,0.53,NA,NA,NA,1.01,NA,NA,NA,NA
9/1/1939,NA,1.53,NA,1.63,NA,NA,NA,NA,NA,NA,0.69,NA,NA,NA,0.93,NA,NA,NA,NA
10/1/1939,NA,1.84,NA,2.32,NA,NA,NA,NA,NA,NA,0.23,NA,NA,NA,0.63,NA,NA,NA,NA
11/1/1939,NA,0.08,NA,0.37,NA,NA,NA,NA,NA,NA,0,NA,NA,NA,0.76,NA,NA,NA,NA
12/1/1939,NA,0.63,NA,0.45,NA,NA,NA,NA,NA,NA,0.3,NA,NA,NA,1.53,NA,NA,NA,NA
1/1/1940,NA,12.72,NA,13.18,NA,NA,NA,NA,NA,NA,3.95,NA,NA,NA,0.95,NA,NA,NA,NA
2/1/1940,NA,8.36,NA,8.28,NA,NA,NA,NA,NA,NA,NA,NA,NA,NA,0.51,NA,NA,NA,NA
3/1/1940,NA,4.63,NA,2.72,NA,NA,NA,NA,NA,NA,2.63,NA,NA,NA,9.93,NA,NA,NA,NA
4/1/1940,NA,0.8,NA,0.96,NA,NA,NA,NA,NA,NA,0.51,NA,NA,NA,12.72,NA,NA,NA,NA
5/1/1940,NA,0.23,NA,0,NA,NA,NA,NA,NA,NA,0,NA,NA,NA,8.36,NA,NA,NA,NA
6/1/1940,NA,0.25,NA,0.3,NA,NA,NA,NA,NA,NA,0,NA,NA,NA,4.63,NA,NA,NA,NA
7/1/1940,NA,0,NA,0,NA,NA,NA,NA,NA,NA,0,NA,NA,NA,0.8,NA,NA,NA,NA
8/1/1940,NA,0,NA,0.06,NA,NA,NA,NA,NA,NA,0,NA,NA,NA,0.23,NA,NA,NA,NA
9/1/1940,NA,0.43,NA,0.45,NA,NA,NA,NA,NA,NA,0.2,NA,NA,NA,0.25,NA,NA,NA,NA
10/1/1940,NA,0.95,NA,1.51,NA,NA,NA,NA,NA,NA,0.67,NA,NA,NA,0,NA,NA,NA,NA
11/1/1940,NA,0.51,NA,0.61,NA,NA,NA,NA,NA,NA,0.15,NA,NA,NA,0,NA,NA,NA,NA
12/1/1940,NA,9.93,NA,12.77,NA,NA,NA,NA,NA,NA,4.15,NA,NA,NA,0.43,NA,NA,NA,NA
1/1/1941,NA,5.23,NA,6.58,NA,NA,NA,NA,NA,NA,2.35,NA,NA,NA,2.07,NA,NA,NA,NA
2/1/1941,NA,6.57,NA,6.84,NA,NA,NA,NA,NA,NA,NA,NA,NA,NA,1.86,NA,NA,NA,NA
3/1/1941,NA,2.33,NA,3.52,NA,NA,NA,NA,NA,NA,4.67,NA,NA,NA,11.18,NA,NA,NA,NA
4/1/1941,NA,4.07,NA,3.63,NA,NA,NA,NA,NA,NA,0.3,NA,NA,NA,NA,NA,NA,NA,NA
5/1/1941,NA,0.46,NA,0.3,NA,NA,NA,NA,NA,NA,0.05,NA,NA,NA,5.23,NA,NA,NA,NA
6/1/1941,NA,0.26,NA,0.41,NA,NA,NA,NA,NA,NA,0.19,NA,NA,NA,6.57,NA,NA,NA,NA
7/1/1941,NA,0.2,NA,0,NA,NA,NA,NA,NA,NA,0,NA,NA,NA,2.33,NA,NA,NA,NA
8/1/1941,NA,1.48,NA,0.73,NA,NA,NA,NA,NA,NA,1.41,NA,NA,NA,4.07,NA,NA,NA,NA
9/1/1941,NA,0.22,NA,0.78,NA,NA,NA,NA,NA,NA,0.32,NA,NA,NA,0.46,NA,NA,NA,NA
10/1/1941,NA,1.85,NA,3.33,NA,NA,NA,NA,NA,NA,1.48,NA,NA,NA,0.26,NA,NA,NA,NA
11/1/1941,NA,1.86,NA,0.51,NA,NA,NA,NA,NA,NA,0.33,NA,NA,NA,0.2,NA,NA,NA,NA
12/1/1941,NA,11.18,NA,7.96,NA,NA,NA,NA,NA,NA,3.28,NA,NA,NA,1.48,NA,NA,NA,NA
1/1/1942,NA,5.61,NA,3.05,NA,NA,NA,NA,NA,NA,1.6,NA,NA,NA,0.19,NA,NA,NA,NA
2/1/1942,NA,4.67,NA,3.87,NA,NA,NA,NA,NA,NA,NA,NA,NA,NA,5.93,NA,NA,NA,NA
3/1/1942,NA,1.72,NA,3.85,NA,NA,NA,NA,NA,NA,1.37,NA,NA,NA,4.5,NA,NA,NA,NA
4/1/1942,NA,2.85,NA,3.72,NA,NA,NA,NA,NA,NA,0.75,NA,NA,NA,5.61,NA,NA,NA,NA
5/1/1942,NA,2.41,NA,2.16,NA,NA,NA,NA,NA,NA,0.23,NA,NA,NA,4.67,NA,NA,NA,NA
6/1/1942,NA,0,NA,0,NA,NA,NA,NA,NA,NA,0,NA,NA,NA,1.72,NA,NA,NA,NA
7/1/1942,NA,0,NA,0,NA,NA,NA,NA,NA,NA,1,NA,NA,NA,2.85,NA,NA,NA,NA
8/1/1942,NA,1.12,NA,0.38,NA,NA,NA,NA,NA,NA,0.29,NA,NA,NA,2.41,NA,NA,NA,NA
9/1/1942,NA,0.17,NA,0.27,NA,NA,NA,NA,NA,NA,0.23,NA,NA,NA,0,NA,NA,NA,NA
10/1/1942,NA,0.19,NA,0.38,NA,NA,NA,NA,NA,NA,0.06,NA,NA,NA,0,NA,NA,NA,NA
11/1/1942,NA,NA,NA,2.3,NA,NA,NA,NA,NA,NA,0.81,NA,NA,NA,1.12,NA,NA,NA,NA
12/1/1942,NA,4.5,NA,3.79,NA,NA,NA,NA,NA,NA,0.76,NA,NA,NA,0.17,NA,NA,NA,NA
1/1/1943,NA,8.81,NA,10.11,NA,NA,NA,NA,NA,NA,4.72,NA,NA,NA,0.69,NA,NA,NA,NA
2/1/1943,NA,1.63,NA,1.78,NA,NA,NA,NA,NA,NA,NA,NA,NA,NA,0.8,NA,NA,NA,NA
3/1/1943,NA,6.85,NA,4.55,NA,NA,NA,NA,NA,NA,0.99,NA,NA,NA,1.34,NA,NA,NA,NA
4/1/1943,NA,3.77,NA,3.48,NA,NA,NA,NA,NA,NA,1.58,NA,NA,NA,8.81,NA,NA,NA,NA
5/1/1943,NA,1.19,NA,0.76,NA,NA,NA,NA,NA,NA,0.53,NA,NA,NA,1.63,NA,NA,NA,NA
6/1/1943,NA,1.74,NA,1,NA,NA,NA,NA,NA,NA,0.46,NA,NA,NA,6.85,NA,NA,NA,NA
7/1/1943,NA,1.18,NA,0.38,NA,NA,NA,NA,NA,NA,0.29,NA,NA,NA,3.77,NA,NA,NA,NA
8/1/1943,NA,0,NA,0,NA,NA,NA,NA,NA,NA,0,NA,NA,NA,1.19,NA,NA,NA,NA
9/1/1943,NA,0.5,NA,0.16,NA,NA,NA,NA,NA,NA,0.1,NA,NA,NA,1.74,NA,NA,NA,NA
10/1/1943,NA,0.69,NA,0.63,NA,NA,NA,NA,NA,NA,1.05,NA,NA,NA,1.18,NA,NA,NA,NA
11/1/1943,NA,0.8,NA,0.76,NA,NA,NA,NA,NA,NA,0.57,NA,NA,NA,0,NA,NA,NA,NA
12/1/1943,NA,1.34,NA,4.76,NA,NA,NA,NA,NA,NA,1.21,NA,NA,NA,0.5,NA,NA,NA,NA
1/1/1944,NA,2.45,NA,5.91,NA,NA,NA,1.62,NA,NA,0.8,NA,NA,NA,1.18,NA,NA,NA,NA
2/1/1944,NA,4.67,NA,6.62,NA,NA,NA,3.13,NA,NA,NA,NA,NA,NA,3.91,NA,NA,NA,NA
3/1/1944,NA,0.91,NA,2.26,NA,NA,NA,1.36,NA,NA,3.99,NA,NA,NA,2.5,NA,NA,NA,NA
4/1/1944,NA,1.61,NA,2.03,NA,NA,NA,0.33,NA,NA,0.14,NA,NA,NA,2.45,NA,NA,NA,NA
5/1/1944,NA,0.56,NA,0.57,NA,NA,NA,0.42,NA,NA,0.38,NA,NA,NA,4.67,NA,NA,NA,NA
6/1/1944,NA,0.24,NA,0,NA,NA,NA,0.76,NA,NA,0,NA,NA,NA,0.91,NA,NA,NA,NA
7/1/1944,NA,0.1,NA,0,NA,NA,NA,0.01,NA,NA,0,NA,NA,NA,1.61,NA,NA,NA,NA
8/1/1944,NA,0,NA,0,NA,NA,NA,0,NA,NA,0,NA,NA,NA,0.56,NA,NA,NA,NA
9/1/1944,NA,0.07,NA,0.03,NA,NA,NA,0.07,NA,NA,0.03,NA,NA,NA,0.24,NA,NA,NA,NA
10/1/1944,NA,1.18,NA,0.11,NA,NA,NA,0.22,NA,NA,0.03,NA,NA,NA,0.1,NA,NA,NA,NA
11/1/1944,NA,3.91,NA,5.86,NA,NA,NA,2.88,NA,NA,2.81,NA,NA,NA,0,NA,NA,NA,NA
12/1/1944,NA,2.5,NA,3.32,NA,NA,NA,NA,NA,NA,0.83,NA,NA,NA,0.07,NA,NA,NA,NA
1/1/1945,NA,0.76,NA,1.38,NA,NA,NA,NA,NA,NA,0.33,NA,NA,NA,4.94,NA,NA,NA,NA
2/1/1945,NA,3.58,NA,7.66,NA,NA,NA,NA,NA,NA,NA,NA,NA,NA,2.05,NA,NA,NA,NA
3/1/1945,NA,2.49,NA,3.84,NA,NA,NA,NA,NA,NA,5.3,NA,NA,NA,4.78,NA,NA,NA,NA
4/1/1945,NA,0.6,NA,1.24,NA,NA,NA,NA,NA,NA,0.16,NA,NA,NA,NA,NA,NA,NA,NA
5/1/1945,NA,1.25,NA,3.83,NA,NA,NA,NA,NA,NA,1.12,NA,NA,NA,0.76,NA,NA,NA,NA
6/1/1945,NA,0.89,NA,0.36,NA,NA,NA,NA,NA,NA,0.89,NA,NA,NA,3.58,NA,NA,NA,NA
7/1/1945,NA,0.42,NA,0.26,NA,NA,NA,NA,NA,NA,0.09,NA,NA,NA,2.49,NA,NA,NA,NA
8/1/1945,NA,1.08,NA,2.38,NA,NA,NA,NA,NA,NA,0.73,NA,NA,NA,0.6,NA,NA,NA,NA
9/1/1945,NA,0.75,NA,0.53,NA,NA,NA,NA,NA,NA,0.29,NA,NA,NA,1.25,NA,NA,NA,NA
10/1/1945,NA,4.19,NA,5.94,NA,NA,NA,NA,NA,NA,2.5,NA,NA,NA,0.89,NA,NA,NA,NA
11/1/1945,NA,2.05,NA,2.71,NA,NA,NA,NA,NA,NA,0.83,NA,NA,NA,0.42,NA,NA,NA,NA
12/1/1945,NA,4.78,NA,4.87,NA,NA,NA,NA,NA,NA,3.45,NA,NA,NA,1.08,NA,NA,NA,NA
1/1/1946,NA,0.73,NA,0.59,NA,NA,NA,NA,NA,NA,0.16,NA,NA,NA,2.36,NA,NA,NA,NA
2/1/1946,NA,1,NA,1.82,NA,NA,NA,NA,NA,NA,NA,NA,NA,NA,4.61,NA,NA,NA,NA
3/1/1946,NA,2.82,NA,3.2,NA,NA,NA,NA,NA,NA,2.25,NA,NA,NA,3.01,NA,NA,NA,NA
4/1/1946,NA,0.2,NA,0.66,NA,NA,NA,NA,NA,NA,0.41,NA,NA,NA,0.73,NA,NA,NA,NA
5/1/1946,NA,0.61,NA,0.72,NA,NA,NA,NA,NA,NA,0.37,NA,NA,NA,1,NA,NA,NA,NA
6/1/1946,NA,0,NA,0,NA,NA,NA,NA,NA,NA,0,NA,NA,NA,2.82,NA,NA,NA,NA
7/1/1946,NA,1.75,NA,0.09,NA,NA,NA,NA,NA,NA,0.92,NA,NA,NA,0.2,NA,NA,NA,NA
8/1/1946,NA,0.77,NA,0.99,NA,NA,NA,NA,NA,NA,0.35,NA,NA,NA,0.61,NA,NA,NA,NA
9/1/1946,NA,1.08,NA,1.37,NA,NA,NA,NA,NA,NA,0.12,NA,NA,NA,0,NA,NA,NA,NA
10/1/1946,NA,2.36,NA,2.76,NA,NA,NA,NA,NA,NA,2.12,NA,NA,NA,1.75,NA,NA,NA,NA
11/1/1946,NA,4.61,NA,6.42,NA,NA,NA,NA,NA,NA,5.59,NA,NA,NA,0.77,NA,NA,NA,NA
12/1/1946,NA,3.01,NA,4,NA,NA,NA,NA,NA,NA,1.85,NA,NA,NA,1.08,NA,NA,NA,NA
1/1/1947,NA,0.34,NA,0.14,NA,NA,NA,NA,NA,NA,0,NA,NA,NA,0.94,NA,NA,NA,NA
2/1/1947,NA,0.85,NA,0.97,NA,NA,NA,NA,NA,NA,NA,NA,NA,NA,0.58,NA,NA,NA,NA
3/1/1947,NA,1.84,NA,0.62,NA,NA,NA,NA,NA,NA,0.81,NA,NA,NA,0.41,NA,NA,NA,NA
4/1/1947,NA,0.59,NA,0.73,NA,NA,NA,NA,NA,NA,0.34,NA,NA,NA,0.34,NA,NA,NA,NA
5/1/1947,NA,0.59,NA,0.09,NA,NA,NA,NA,NA,NA,0,NA,NA,NA,0.85,NA,NA,NA,NA
6/1/1947,NA,0.28,NA,0,NA,NA,NA,NA,NA,NA,0,NA,NA,NA,1.84,NA,NA,NA,NA
7/1/1947,NA,0,NA,0,NA,NA,NA,NA,NA,NA,0,NA,NA,NA,0.59,NA,NA,NA,NA
8/1/1947,NA,0.02,NA,0.36,NA,NA,NA,NA,NA,NA,0.39,NA,NA,NA,0.59,NA,NA,NA,NA
9/1/1947,NA,0,NA,0.12,NA,NA,NA,NA,NA,NA,0.03,NA,NA,NA,0.28,NA,NA,NA,NA
10/1/1947,NA,0.94,NA,1.27,NA,NA,NA,NA,NA,NA,0.2,NA,NA,NA,0,NA,NA,NA,NA
11/1/1947,NA,0.58,NA,0.66,NA,NA,NA,NA,NA,NA,0.5,NA,NA,NA,0.02,NA,NA,NA,NA
12/1/1947,NA,0.41,NA,0.79,NA,NA,NA,NA,NA,NA,0.46,NA,NA,NA,0,NA,NA,NA,NA
1/1/1948,NA,2.27,NA,1.57,NA,NA,NA,NA,NA,NA,0.04,NA,NA,NA,0,NA,NA,NA,NA
2/1/1948,NA,1.78,NA,1.5,NA,NA,NA,NA,NA,NA,NA,NA,NA,NA,1.02,NA,NA,NA,NA
3/1/1948,NA,2.99,NA,2.33,NA,NA,NA,NA,NA,NA,1.71,NA,NA,NA,2.75,NA,NA,NA,NA
4/1/1948,NA,2.66,NA,3.45,NA,NA,NA,NA,NA,NA,0.83,NA,NA,NA,2.27,NA,NA,NA,NA
5/1/1948,NA,0.15,NA,0.29,NA,NA,NA,NA,NA,NA,0.49,NA,NA,NA,1.78,NA,NA,NA,NA
6/1/1948,NA,NA,NA,1.3,NA,NA,NA,NA,NA,NA,1.16,NA,NA,NA,2.99,NA,NA,NA,NA
7/1/1948,NA,NA,0,NA,NA,NA,NA,NA,NA,NA,0,NA,NA,NA,2.66,NA,NA,NA,NA
8/1/1948,NA,NA,0,0,NA,NA,NA,NA,NA,NA,0,NA,NA,NA,0.15,NA,NA,NA,NA
9/1/1948,NA,NA,1.14,0.03,NA,NA,NA,NA,NA,NA,0.32,NA,NA,NA,1.6,NA,NA,NA,NA
10/1/1948,NA,NA,0.39,0.35,NA,NA,NA,NA,NA,NA,0.24,NA,NA,NA,0,NA,NA,NA,NA
11/1/1948,NA,NA,0.12,0.12,NA,NA,NA,NA,NA,NA,0,NA,NA,NA,0,NA,NA,NA,NA
12/1/1948,NA,2.75,2.72,4.31,NA,NA,NA,NA,NA,NA,1.91,NA,NA,NA,0,NA,NA,NA,NA
1/1/1949,NA,1.56,1.58,1.2,NA,NA,NA,NA,NA,NA,1.28,NA,NA,NA,0.84,NA,NA,NA,NA
2/1/1949,NA,1.81,0.8,1.56,NA,NA,NA,NA,NA,NA,NA,NA,NA,NA,2.04,NA,NA,NA,NA
3/1/1949,NA,3.63,1.02,4.06,NA,NA,NA,NA,NA,NA,2.77,NA,NA,NA,1.73,NA,NA,NA,NA
4/1/1949,NA,0.15,0.07,0.19,NA,NA,NA,NA,NA,NA,0.09,NA,NA,NA,NA,NA,NA,NA,NA
5/1/1949,NA,1.87,0.92,1.41,NA,NA,NA,NA,NA,NA,1.5,NA,NA,NA,1.56,NA,NA,NA,NA
6/1/1949,NA,0.14,0.02,0.12,NA,NA,NA,NA,NA,NA,0.02,NA,NA,NA,1.81,NA,NA,NA,NA
7/1/1949,NA,0.6,0.37,0.02,NA,NA,NA,NA,NA,NA,0.56,NA,NA,NA,3.63,NA,NA,NA,NA
8/1/1949,NA,0.51,0.11,0.24,NA,NA,NA,NA,NA,NA,0.39,NA,NA,NA,0.15,NA,NA,NA,NA
9/1/1949,NA,0.63,0.1,0.06,NA,NA,NA,NA,NA,NA,0.11,NA,NA,NA,1.87,NA,NA,NA,NA
10/1/1949,NA,0.21,0.22,0.2,NA,NA,NA,NA,NA,NA,0.23,NA,NA,NA,0.14,NA,NA,NA,NA
11/1/1949,NA,2.04,0.79,1.27,NA,NA,NA,NA,NA,NA,0.86,NA,NA,NA,0.6,NA,NA,NA,NA
12/1/1949,NA,NA,0.34,0.91,NA,NA,NA,NA,NA,NA,0.39,NA,NA,NA,0.51,NA,NA,NA,NA
1/1/1950,NA,NA,0.77,3.13,NA,NA,NA,NA,NA,NA,1.55,NA,NA,NA,0,NA,0,NA,NA
2/1/1950,NA,NA,NA,1.9,NA,NA,NA,NA,NA,NA,NA,NA,NA,NA,0,NA,8.15,NA,NA
3/1/1950,NA,NA,NA,1.64,NA,NA,NA,NA,NA,NA,0.85,NA,NA,NA,17.38,NA,4.6,NA,NA
4/1/1950,NA,NA,NA,1.82,NA,NA,NA,NA,NA,NA,0.55,NA,NA,NA,4.9,NA,NA,NA,NA
5/1/1950,NA,NA,NA,0.44,NA,NA,NA,NA,NA,NA,0.03,NA,NA,NA,2.02,NA,NA,NA,NA
6/1/1950,NA,NA,0,0.03,NA,NA,NA,NA,NA,NA,0.05,NA,NA,NA,2.12,NA,NA,NA,NA
7/1/1950,NA,NA,0.08,1.22,NA,NA,NA,NA,NA,NA,0.97,NA,NA,NA,2.61,NA,NA,NA,NA
8/1/1950,NA,NA,NA,0.09,NA,NA,NA,NA,NA,NA,0.04,NA,NA,NA,0.38,NA,NA,NA,NA
9/1/1950,NA,NA,1.19,1.09,NA,NA,NA,NA,NA,NA,1.11,NA,NA,NA,0,NA,NA,NA,NA
10/1/1950,NA,NA,0,1.76,NA,NA,NA,1.25,NA,NA,0.81,NA,NA,NA,0,NA,NA,NA,NA
11/1/1950,NA,NA,NA,NA,NA,NA,NA,8.15,NA,NA,4.55,NA,NA,NA,0,NA,NA,NA,NA
12/1/1950,NA,NA,NA,NA,NA,NA,NA,4.6,NA,NA,2.64,NA,NA,NA,0,NA,NA,NA,NA
1/1/1951,NA,NA,NA,NA,NA,NA,NA,0.71,NA,NA,0.69,NA,NA,NA,1.26,NA,0.52,NA,NA
2/1/1951,NA,NA,NA,NA,NA,NA,NA,0.43,NA,NA,NA,NA,NA,NA,4.8,NA,2.32,NA,NA
3/1/1951,NA,NA,NA,NA,NA,NA,NA,0.08,NA,NA,0.34,NA,NA,NA,5,NA,4.88,NA,NA
4/1/1951,NA,NA,NA,NA,NA,NA,NA,1.61,NA,NA,0.7,NA,NA,NA,2.11,NA,0.71,NA,NA
5/1/1951,NA,NA,NA,NA,NA,NA,NA,0.29,NA,NA,0.3,NA,NA,NA,0.58,NA,0.43,NA,NA
6/1/1951,NA,NA,NA,NA,NA,NA,NA,0.72,NA,NA,0.46,NA,NA,NA,0.1,NA,0.08,NA,NA
7/1/1951,NA,NA,NA,NA,NA,NA,NA,0.58,NA,NA,1.4,NA,NA,NA,2.69,NA,1.61,NA,NA
8/1/1951,NA,NA,NA,NA,NA,NA,NA,0.36,NA,NA,0.41,NA,NA,NA,0.65,NA,0.29,NA,NA
9/1/1951,NA,NA,NA,NA,NA,NA,NA,0.5,NA,NA,0,NA,NA,NA,0.87,NA,0.72,NA,NA
10/1/1951,NA,NA,NA,NA,NA,NA,NA,0,NA,NA,1.07,NA,NA,NA,0.61,NA,0.58,NA,NA
11/1/1951,NA,NA,NA,NA,NA,NA,NA,2.32,NA,NA,2.44,NA,NA,NA,0.66,NA,0.36,NA,NA
12/1/1951,NA,NA,NA,NA,NA,NA,NA,4.88,NA,NA,3.21,NA,NA,NA,0,NA,0.5,NA,NA
1/1/1952,NA,NA,NA,NA,NA,NA,NA,2.65,NA,NA,5.12,NA,NA,NA,0,NA,0,NA,NA
2/1/1952,NA,NA,NA,NA,NA,NA,NA,0.55,NA,NA,NA,NA,NA,NA,2.3,NA,0.91,NA,NA
3/1/1952,NA,NA,NA,NA,NA,NA,NA,2.86,NA,NA,4.57,NA,NA,NA,7.9,NA,1.71,NA,NA
4/1/1952,NA,NA,NA,NA,NA,NA,NA,0.74,NA,NA,0.82,NA,NA,NA,5.9,NA,3.48,NA,NA
5/1/1952,NA,NA,NA,NA,NA,NA,NA,0,NA,NA,0.02,NA,NA,NA,1.2,NA,0.55,NA,NA
6/1/1952,NA,NA,NA,NA,NA,NA,NA,0.06,NA,NA,0.07,NA,NA,NA,4.8,NA,2.86,NA,NA
7/1/1952,NA,NA,NA,NA,NA,NA,NA,1.26,NA,NA,1.19,NA,NA,NA,1.7,NA,0.74,NA,NA
8/1/1952,NA,NA,NA,NA,NA,NA,NA,0.02,NA,NA,0.08,NA,NA,NA,0.4,NA,0,NA,NA
9/1/1952,NA,NA,NA,NA,NA,NA,NA,0.47,NA,NA,0.35,NA,NA,NA,0.6,NA,0.06,NA,NA
10/1/1952,NA,NA,NA,NA,NA,NA,NA,0,NA,NA,0,NA,NA,NA,1.9,NA,1.26,NA,NA
11/1/1952,NA,NA,NA,NA,NA,NA,NA,0.91,NA,NA,0.48,NA,NA,NA,0,NA,0.02,NA,NA
12/1/1952,NA,NA,NA,NA,NA,NA,NA,1.71,NA,NA,1.78,NA,NA,NA,0.6,NA,0.47,NA,NA
1/1/1953,NA,NA,NA,NA,NA,NA,NA,1.17,NA,NA,0.54,NA,NA,NA,0.9,NA,0.93,NA,NA
2/1/1953,NA,NA,NA,NA,NA,NA,NA,0,NA,NA,NA,NA,NA,NA,1.05,NA,0.38,NA,NA
3/1/1953,NA,NA,NA,NA,NA,NA,NA,0.43,NA,NA,0.62,NA,NA,NA,1.25,NA,0.19,NA,NA
4/1/1953,NA,NA,NA,NA,NA,NA,NA,1.09,NA,NA,0.64,NA,NA,NA,NA,NA,NA,NA,NA
5/1/1953,NA,NA,NA,NA,NA,NA,NA,0.94,NA,NA,1.24,NA,NA,NA,4,NA,1.17,NA,NA
6/1/1953,NA,NA,NA,NA,NA,NA,NA,0.43,NA,NA,0.42,NA,NA,NA,0.55,NA,0,NA,NA
7/1/1953,NA,NA,NA,NA,NA,NA,NA,0.19,NA,NA,0.26,NA,NA,NA,2.6,NA,0.43,NA,NA
8/1/1953,NA,NA,NA,NA,NA,NA,NA,0.17,NA,NA,0,NA,NA,NA,3.25,NA,1.09,NA,NA
9/1/1953,NA,NA,NA,NA,NA,NA,NA,0.3,NA,NA,0.15,NA,NA,NA,2.6,NA,0.94,NA,NA
10/1/1953,NA,NA,NA,NA,NA,NA,NA,0.63,NA,NA,0.74,NA,NA,NA,1,NA,0.43,NA,NA
11/1/1953,NA,NA,NA,NA,NA,NA,NA,0.38,NA,NA,0.87,NA,NA,NA,0.4,NA,0.19,NA,NA
12/1/1953,NA,NA,NA,NA,NA,NA,NA,0.19,NA,NA,0.18,NA,NA,NA,0.4,NA,0.17,NA,NA
1/1/1954,NA,NA,NA,NA,NA,NA,NA,2.52,NA,NA,2.17,NA,NA,NA,0,NA,0,NA,NA
2/1/1954,NA,NA,NA,NA,NA,NA,NA,2.5,NA,NA,NA,NA,NA,NA,2.2,NA,2.15,NA,NA
3/1/1954,NA,NA,NA,NA,NA,NA,NA,2.12,NA,NA,3.34,NA,NA,NA,2.8,NA,1.12,NA,NA
4/1/1954,NA,NA,NA,NA,NA,NA,NA,0.06,NA,NA,0.06,NA,NA,NA,4,NA,2.52,NA,NA
5/1/1954,NA,NA,NA,NA,NA,NA,NA,0,NA,NA,0,NA,NA,NA,3.1,NA,2.5,NA,NA
6/1/1954,NA,NA,NA,NA,NA,NA,NA,0.15,NA,NA,0.16,NA,NA,NA,4,NA,2.12,NA,NA
7/1/1954,NA,NA,NA,NA,NA,NA,NA,0.13,NA,NA,0.64,NA,NA,NA,0.55,NA,0.06,NA,NA
8/1/1954,NA,NA,NA,NA,NA,NA,NA,0,NA,NA,0,NA,NA,NA,0.1,NA,0,NA,NA
9/1/1954,NA,NA,NA,NA,NA,NA,NA,0,NA,NA,0,NA,NA,NA,0.6,NA,0.15,NA,NA
10/1/1954,NA,NA,NA,NA,NA,NA,NA,0,NA,NA,0,NA,NA,NA,1.05,NA,0.13,NA,NA
11/1/1954,NA,NA,NA,NA,NA,NA,NA,2.15,NA,NA,1.55,NA,NA,NA,0,NA,0,NA,NA
12/1/1954,NA,NA,NA,NA,NA,NA,NA,1.12,NA,NA,1.55,NA,NA,NA,0,NA,0,NA,NA
1/1/1955,1.63,NA,NA,NA,NA,NA,NA,1.03,NA,NA,1.91,NA,NA,NA,0.1,NA,0,NA,NA
2/1/1955,NA,NA,NA,NA,NA,NA,NA,0.7,NA,NA,NA,NA,NA,NA,2.8,NA,1.2,NA,NA
3/1/1955,NA,NA,NA,NA,NA,NA,NA,0.26,NA,NA,0.64,NA,NA,NA,12.8,NA,16.66,NA,NA
4/1/1955,NA,NA,NA,NA,NA,NA,NA,0.39,NA,NA,1.03,NA,NA,NA,3,NA,1.03,NA,NA
5/1/1955,NA,NA,NA,NA,NA,NA,NA,1.04,NA,NA,0.98,NA,NA,NA,1.8,NA,0.7,NA,NA
6/1/1955,NA,NA,NA,NA,NA,NA,NA,0,NA,NA,0.1,NA,NA,NA,0.6,NA,0.26,NA,NA
7/1/1955,NA,2.3,NA,0.1,NA,NA,NA,2.82,NA,NA,0.07,NA,NA,NA,2.7,NA,0.39,NA,NA
8/1/1955,NA,0,NA,0.1,NA,NA,NA,0.31,NA,NA,0,NA,NA,NA,1.05,NA,1.04,NA,NA
9/1/1955,NA,0.35,NA,0.1,NA,NA,NA,1.07,NA,NA,0.57,NA,NA,NA,0,NA,0,NA,NA
10/1/1955,NA,0.1,NA,0.15,NA,NA,NA,0,NA,NA,0,NA,NA,NA,2.3,NA,2.82,NA,NA
11/1/1955,NA,2.8,NA,1.6,NA,NA,NA,1.2,NA,NA,0.58,NA,NA,NA,0,NA,0.31,NA,NA
12/1/1955,NA,12.8,NA,11.45,NA,NA,NA,16.66,NA,NA,11.28,NA,NA,NA,0.35,NA,1.07,NA,NA
1/1/1956,NA,3.8,NA,3.05,NA,NA,NA,1.7,NA,NA,1.26,NA,NA,NA,2.3,NA,1.47,NA,NA
2/1/1956,NA,0.65,NA,1,NA,NA,NA,0.23,NA,NA,NA,NA,NA,NA,0.1,NA,0.01,NA,NA
3/1/1956,NA,0.15,NA,0.15,NA,NA,NA,0,NA,NA,0.25,NA,NA,NA,1.05,NA,0.26,NA,NA
4/1/1956,NA,1.7,NA,2.65,NA,NA,NA,1.57,NA,NA,2.02,NA,NA,NA,3.8,NA,1.7,NA,NA
5/1/1956,NA,1.4,NA,1,NA,NA,NA,1.44,NA,NA,0.7,NA,NA,NA,0.65,NA,0.23,NA,NA
6/1/1956,NA,0.2,NA,0.1,NA,NA,NA,0.1,NA,NA,0.01,NA,NA,NA,0.15,NA,0,NA,NA
7/1/1956,NA,0.65,NA,2.05,NA,NA,NA,0.52,NA,NA,0.61,NA,NA,NA,1.7,NA,1.57,NA,NA
8/1/1956,NA,0.35,NA,0,NA,NA,NA,0.09,NA,NA,0.02,NA,NA,NA,1.4,NA,1.44,NA,NA
9/1/1956,NA,1.6,NA,0.55,NA,NA,NA,0.36,NA,NA,0.28,NA,NA,NA,0.2,NA,0.1,NA,NA
10/1/1956,NA,2.3,NA,1.15,NA,NA,NA,1.47,NA,NA,0.79,NA,NA,NA,0.65,NA,0.52,NA,NA
11/1/1956,NA,0.1,NA,0,NA,NA,NA,0.01,NA,NA,0.13,NA,NA,NA,0.35,NA,0.09,NA,NA
12/1/1956,NA,1.05,NA,0.45,NA,NA,NA,0.26,NA,NA,0.08,NA,NA,NA,1.6,NA,0.36,NA,NA
1/1/1957,NA,2.84,NA,3,NA,NA,NA,2.53,NA,NA,2.92,NA,NA,NA,2.01,1.93,1.32,NA,NA
2/1/1957,NA,3.3,NA,2.7,NA,NA,NA,2.8,NA,NA,NA,NA,NA,NA,1.4,1.38,0.59,NA,NA
3/1/1957,NA,1.85,NA,1.3,NA,NA,NA,0.14,NA,NA,2.29,NA,NA,NA,3,3.82,1.79,NA,NA
4/1/1957,NA,2.3,NA,0.7,NA,NA,NA,1.7,NA,NA,1.32,NA,NA,NA,NA,NA,NA,NA,NA
5/1/1957,NA,2.8,NA,1.65,NA,NA,NA,2.12,NA,NA,2.02,NA,NA,NA,2.84,NA,2.53,NA,NA
6/1/1957,NA,0.1,NA,0.08,NA,NA,NA,0,NA,NA,0.24,NA,NA,NA,3.3,NA,2.8,NA,NA
7/1/1957,NA,0.08,NA,0,NA,NA,NA,0.16,NA,NA,0.01,NA,NA,NA,1.85,NA,0.14,NA,NA
8/1/1957,NA,0,NA,0,NA,NA,NA,0.03,NA,NA,0,NA,NA,NA,2.3,NA,1.7,NA,NA
9/1/1957,NA,0.25,NA,0.2,NA,NA,NA,0.15,NA,NA,0.18,NA,NA,NA,2.8,NA,2.12,NA,NA
10/1/1957,NA,1.76,NA,1.12,NA,NA,NA,1.17,NA,NA,1.59,NA,NA,NA,0.1,NA,0,NA,NA
11/1/1957,NA,1.4,NA,0.69,NA,NA,NA,0.59,NA,NA,1.56,NA,NA,NA,0.08,NA,0.16,NA,NA
12/1/1957,NA,3,NA,2.52,NA,NA,NA,1.79,NA,NA,1.8,NA,NA,NA,0,NA,0.03,NA,NA
1/1/1958,NA,2.66,NA,1.8,NA,NA,NA,1.33,NA,NA,0.77,NA,NA,NA,0.28,0.07,0.35,NA,NA
2/1/1958,NA,4.81,NA,3.98,NA,NA,NA,4.02,NA,NA,NA,NA,NA,NA,0.78,0.58,0.31,NA,NA
3/1/1958,NA,3.9,NA,2.75,NA,NA,NA,3.4,NA,NA,5.84,NA,NA,NA,0.98,0.4,0.49,NA,NA
4/1/1958,NA,3,NA,1.48,NA,NA,NA,1.64,NA,NA,2.22,NA,NA,NA,2.66,1.38,1.33,NA,NA
5/1/1958,NA,0.46,NA,0.86,NA,NA,NA,0.38,NA,NA,0.25,NA,NA,NA,4.81,5.93,4.02,NA,NA
6/1/1958,NA,0.84,NA,0.48,NA,NA,NA,0.41,NA,NA,0.45,NA,NA,NA,3.9,6.52,3.4,NA,NA
7/1/1958,NA,1,NA,0.08,NA,NA,NA,0.63,NA,NA,0,NA,NA,NA,3,6.86,1.64,NA,NA
8/1/1958,NA,0.84,NA,1.45,NA,NA,NA,0.54,NA,NA,0.45,NA,NA,NA,0.46,0.99,0.38,NA,NA
9/1/1958,NA,1.06,NA,0.44,NA,NA,NA,0.41,NA,NA,0.38,NA,NA,NA,0.84,0.22,0.41,NA,NA
10/1/1958,NA,0.28,NA,0.26,NA,NA,NA,0.35,NA,NA,0.18,NA,NA,NA,1,0.05,0.63,NA,NA
11/1/1958,NA,0.78,NA,0.4,NA,NA,NA,0.31,NA,NA,0.27,NA,NA,NA,0.84,0.52,0.54,NA,NA
12/1/1958,NA,0.98,NA,0.6,NA,NA,NA,0.49,NA,NA,0.22,NA,NA,NA,1.06,1.33,0.41,NA,NA
1/1/1959,NA,2.4,NA,2.28,NA,NA,NA,1.45,NA,NA,1.39,NA,NA,NA,0.06,0.61,0,NA,NA
2/1/1959,NA,4.34,NA,6.02,NA,NA,NA,4.42,NA,NA,NA,NA,NA,NA,0,0,0,NA,NA
3/1/1959,NA,0.62,NA,0.5,NA,NA,NA,0.16,NA,NA,4.12,NA,NA,NA,0.98,0.6,0.25,NA,NA
4/1/1959,NA,1.1,NA,0.9,NA,NA,NA,0.18,NA,NA,0.24,NA,NA,NA,2.4,2.76,1.45,NA,NA
5/1/1959,NA,0.42,NA,0.58,NA,NA,NA,0.74,NA,NA,0.72,NA,NA,NA,4.34,8.06,4.42,NA,NA
6/1/1959,NA,0,NA,0.08,NA,NA,NA,0.01,NA,NA,0.12,NA,NA,NA,0.62,0.13,0.16,NA,NA
7/1/1959,NA,0.04,NA,0.16,NA,NA,NA,0.01,NA,NA,0.47,NA,NA,NA,1.1,0.99,0.18,NA,NA
8/1/1959,NA,0,NA,0,NA,NA,NA,0,NA,NA,0,NA,NA,NA,0.42,0.55,0.74,NA,NA
9/1/1959,NA,3.47,NA,2.3,NA,NA,NA,2.81,NA,NA,1.32,NA,NA,NA,0,0.1,0.01,NA,NA
10/1/1959,NA,0.06,NA,0.04,NA,NA,NA,0,NA,NA,0.12,NA,NA,NA,0.04,0.15,0.01,NA,NA
11/1/1959,NA,0,NA,0,NA,NA,NA,0,NA,NA,0,NA,NA,NA,0,0.06,0,NA,NA
12/1/1959,NA,0.98,NA,0.62,NA,NA,NA,0.25,NA,NA,0.22,NA,NA,NA,3.47,4.21,2.81,NA,NA
1/1/1960,NA,2.92,NA,3.02,NA,NA,NA,1.51,NA,NA,1.09,NA,NA,NA,0.58,1.32,0.33,NA,NA
2/1/1960,NA,5.54,NA,2.72,NA,NA,NA,2.92,NA,NA,NA,NA,NA,NA,4.98,6.55,3.53,NA,NA
3/1/1960,NA,4.36,NA,1.35,NA,NA,NA,1.61,NA,NA,2.17,NA,NA,NA,1.34,2.39,1.38,NA,NA
4/1/1960,NA,0.66,NA,0.78,NA,NA,NA,0.02,NA,NA,0.07,NA,NA,NA,2.92,3.11,1.51,NA,NA
5/1/1960,NA,0.42,NA,0.24,NA,NA,NA,0.28,NA,NA,0.08,NA,NA,NA,5.54,4.56,2.92,NA,NA
6/1/1960,NA,0,NA,0,NA,NA,NA,0.13,NA,NA,0,NA,NA,NA,4.36,2.04,1.61,NA,NA
7/1/1960,NA,1.54,NA,1.22,NA,NA,NA,0.28,NA,NA,0.13,NA,NA,NA,0.66,0.79,0.02,NA,NA
8/1/1960,NA,0.18,NA,0.06,NA,NA,NA,0,NA,NA,0.02,NA,NA,NA,0.42,0.2,0.28,NA,NA
9/1/1960,NA,0.6,NA,0.38,NA,NA,NA,0.33,NA,NA,0.33,NA,NA,NA,0,0.12,0.13,NA,NA
10/1/1960,NA,0.58,NA,1.02,NA,NA,NA,0.33,NA,NA,0.66,NA,NA,NA,1.54,0.87,0.28,NA,NA
11/1/1960,NA,4.98,NA,4.18,NA,NA,NA,3.53,NA,NA,3.11,NA,NA,NA,0.18,0,0,NA,NA
12/1/1960,NA,1.34,NA,1.82,NA,NA,NA,1.38,NA,NA,1.42,NA,NA,NA,0.6,0.2,0.33,NA,NA
1/1/1961,NA,0.94,NA,0.5,NA,NA,NA,0.22,NA,NA,0.43,NA,NA,NA,1.79,2.27,0.41,NA,NA
2/1/1961,NA,1.38,NA,1.24,NA,NA,NA,0.35,NA,NA,NA,NA,NA,NA,2.72,3.97,1.2,NA,NA
3/1/1961,NA,3.84,NA,1.62,NA,NA,NA,0.59,NA,NA,1.13,NA,NA,NA,1.22,1.26,0.66,NA,NA
4/1/1961,NA,1.46,NA,1.1,NA,NA,NA,0.55,NA,NA,0.53,NA,NA,NA,NA,NA,NA,NA,NA
5/1/1961,NA,1.42,NA,0.78,NA,NA,NA,1.5,NA,NA,0.65,NA,NA,NA,0.94,0.68,0.22,NA,NA
6/1/1961,NA,0.5,NA,NA,NA,NA,NA,0.26,NA,NA,0.4,NA,NA,NA,1.38,1.05,0.35,NA,NA
7/1/1961,NA,0.7,NA,0.26,NA,NA,NA,0.21,NA,NA,0.1,NA,NA,NA,3.84,1.9,0.59,NA,NA
8/1/1961,NA,1.42,NA,1.44,NA,NA,NA,4.55,NA,NA,0.98,NA,NA,NA,1.46,0.6,0.55,NA,NA
9/1/1961,NA,0.66,NA,1.18,NA,NA,NA,0.29,NA,NA,0.26,NA,NA,NA,1.42,0.7,1.5,NA,NA
10/1/1961,NA,1.13,NA,0.78,NA,NA,NA,0.12,NA,NA,0.15,NA,NA,NA,0.5,0.17,0.26,NA,NA
11/1/1961,NA,2.72,NA,2.28,NA,NA,NA,1.2,NA,NA,1.19,NA,NA,NA,0.7,0.07,0.21,NA,NA
12/1/1961,NA,1.22,NA,1.22,NA,NA,NA,0.66,NA,NA,0.73,NA,NA,NA,1.42,1.87,4.55,NA,NA
1/1/1962,NA,3.2,NA,1.64,NA,NA,NA,1.25,NA,NA,1.55,NA,NA,NA,0.87,1.64,0.72,NA,NA
2/1/1962,NA,8.42,NA,8.8,NA,NA,NA,6.58,NA,NA,NA,NA,NA,NA,0.55,0.37,0.23,NA,NA
3/1/1962,NA,2.72,NA,2.36,NA,NA,NA,1.24,NA,NA,6.47,NA,NA,NA,0.8,1.27,0.16,NA,NA
4/1/1962,NA,0.58,NA,0.12,NA,NA,NA,0.11,NA,NA,0,NA,NA,NA,3.2,3.12,1.25,NA,NA
5/1/1962,NA,1.05,NA,0.94,NA,NA,NA,1.02,NA,NA,1.4,NA,NA,NA,8.42,9.87,6.58,NA,NA
6/1/1962,NA,0.7,NA,0.56,NA,NA,NA,0.39,NA,NA,0.98,NA,NA,NA,2.72,3.57,1.24,NA,NA
7/1/1962,NA,0.69,NA,0.56,NA,NA,NA,0.34,NA,NA,0.12,NA,NA,NA,0.58,0,0.11,NA,NA
8/1/1962,NA,0.2,NA,0.4,NA,NA,NA,0.02,NA,NA,0.17,NA,NA,NA,1.05,1.36,1.02,NA,NA
9/1/1962,NA,1.9,NA,0.75,NA,NA,NA,0.86,NA,NA,1.04,NA,NA,NA,0.7,1.07,0.34,NA,NA
10/1/1962,NA,0.87,NA,0.95,NA,NA,NA,0.72,NA,NA,0.77,NA,NA,NA,0.69,0.69,0.34,NA,NA
11/1/1962,NA,0.55,NA,0.44,NA,NA,NA,0.23,NA,NA,0.26,NA,NA,NA,0.2,0.58,0.02,NA,NA
12/1/1962,NA,0.8,NA,0.85,NA,NA,NA,0.16,NA,NA,0.28,NA,NA,NA,1.9,0.96,0.86,NA,NA
1/1/1963,NA,9.6,NA,5.55,NA,NA,NA,8.38,NA,NA,3.34,NA,NA,NA,1.45,1.22,0.67,NA,NA
2/1/1963,NA,2.61,NA,1.2,NA,NA,NA,2.97,NA,NA,NA,NA,NA,NA,5.04,5.34,2.31,NA,NA
3/1/1963,NA,4.15,NA,3.46,NA,NA,NA,1.98,NA,NA,6.32,NA,NA,NA,0.7,0.5,0.35,NA,NA
4/1/1963,NA,4.43,NA,3.85,NA,NA,NA,1.34,NA,NA,0.88,NA,NA,NA,9.6,5.48,8.38,NA,NA
5/1/1963,1.1,2.52,NA,2,NA,NA,NA,1.48,NA,NA,0.76,NA,NA,NA,2.61,2.84,2.97,NA,NA
6/1/1963,2.27,1.95,NA,1.8,NA,NA,NA,1.21,NA,NA,1.71,NA,NA,NA,4.15,4.99,1.98,NA,NA
7/1/1963,NA,0,NA,0,NA,NA,NA,0,NA,NA,0,NA,NA,NA,4.43,4.73,1.34,NA,NA
8/1/1963,0.24,0.6,NA,0.34,NA,NA,NA,0.17,NA,NA,0.35,NA,NA,NA,2.52,2.13,1.48,NA,NA
9/1/1963,0.79,1.1,NA,1.58,NA,NA,NA,1.1,NA,NA,0.59,NA,NA,NA,1.95,2.55,1.21,NA,NA
10/1/1963,0.2,1.45,NA,0.75,NA,NA,NA,0.67,NA,NA,1.06,NA,NA,NA,0,0.08,0,NA,NA
11/1/1963,2.66,5.04,NA,3.52,NA,NA,NA,2.31,NA,NA,2.24,NA,NA,NA,0.6,0.54,0,NA,NA
12/1/1963,0.24,0.7,NA,0.5,NA,NA,NA,0.35,NA,NA,0.2,NA,NA,NA,1.1,1.08,0,NA,NA
1/1/1964,3.54,2.9,NA,2.58,NA,NA,NA,1.17,NA,NA,0.9,NA,NA,NA,1.05,1.14,0.36,NA,NA
2/1/1964,0.81,0.18,NA,0.3,NA,NA,NA,0.01,NA,NA,NA,NA,NA,NA,5.43,3.32,1.49,NA,NA
3/1/1964,0.95,2.85,NA,1.95,NA,NA,NA,0.85,NA,NA,0.81,NA,NA,NA,12.28,8.66,4.86,NA,NA
4/1/1964,1.9,1.41,NA,1.89,NA,NA,NA,0.69,NA,NA,0.98,NA,NA,NA,2.9,2.67,1.17,NA,NA
5/1/1964,1.28,1.61,NA,1.63,NA,NA,NA,1.02,NA,NA,1.06,NA,NA,NA,0.18,0.36,0.01,NA,NA
6/1/1964,0.17,NA,NA,NA,NA,NA,NA,0.02,NA,NA,0.27,NA,NA,NA,2.85,2.74,0.85,NA,NA
7/1/1964,0.62,0.83,NA,0.73,NA,NA,NA,0.36,NA,NA,0.6,NA,NA,NA,1.41,2.1,0.69,NA,NA
8/1/1964,0.36,1.09,NA,1.07,NA,NA,NA,0.11,NA,NA,0.51,NA,NA,NA,1.61,1.74,1.02,NA,NA
9/1/1964,0,0,NA,0,NA,NA,NA,0,NA,NA,0,NA,NA,NA,1.05,0.4,0.02,NA,NA
10/1/1964,1.45,1.05,NA,0.66,NA,NA,0.63,0.36,NA,NA,0.46,NA,NA,NA,0.83,0.91,0.36,NA,NA
11/1/1964,3.49,5.43,NA,3.95,NA,NA,0.27,1.49,NA,NA,1.66,NA,NA,NA,1.09,0.9,0.11,NA,NA
12/1/1964,3.31,12.28,NA,7.96,NA,NA,0.87,4.86,NA,NA,3.01,NA,NA,NA,0,0,0,NA,NA
1/1/1965,4.33,3.92,NA,4.59,NA,NA,0.68,1.59,NA,NA,2.13,NA,NA,NA,0.18,0.28,0,NA,NA
2/1/1965,1.54,1.5,NA,1.05,NA,NA,0,0.49,NA,NA,NA,NA,NA,NA,6.08,11.35,5.04,NA,NA
3/1/1965,0.79,1.27,NA,0.8,NA,NA,0.16,0.9,NA,NA,0.44,NA,NA,NA,3.9,5.37,1.79,NA,NA
4/1/1965,1.71,1.96,NA,1.56,NA,NA,0.65,0.37,NA,NA,1.03,NA,NA,NA,3.92,5.69,1.59,NA,NA
5/1/1965,1.13,0.7,NA,0.56,NA,NA,0.07,0.34,NA,NA,0.25,NA,NA,NA,1.5,0.87,0.49,NA,NA
6/1/1965,1,0.58,NA,0.76,NA,NA,0.28,0.73,NA,NA,0.61,NA,NA,NA,1.27,0.81,0.9,NA,NA
7/1/1965,2.47,0.34,NA,0.9,NA,NA,1.66,0.5,NA,NA,1.98,NA,NA,NA,1.96,2.4,0.37,NA,NA
8/1/1965,1.89,2.56,NA,2.2,NA,NA,1.33,0.66,NA,NA,0.51,NA,NA,NA,0.7,1.01,0.34,NA,NA
9/1/1965,0.43,0.75,NA,0.5,NA,NA,0.03,0.46,NA,NA,0.24,NA,NA,NA,0.58,1.07,0.73,NA,NA
10/1/1965,0.27,0.18,NA,0.25,NA,NA,0,0,NA,NA,0,NA,NA,NA,0.34,1.21,0.5,NA,NA
11/1/1965,5.22,6.08,NA,11.1,NA,NA,3.65,5.04,NA,NA,4.91,NA,NA,NA,2.56,2.09,0.66,NA,NA
12/1/1965,5.26,3.9,NA,3.5,NA,NA,4.42,1.79,NA,NA,2.49,NA,NA,NA,0.75,0.43,0.46,NA,NA
1/1/1966,0.58,0.9,NA,0.9,NA,NA,0,0.23,NA,NA,0.26,NA,NA,NA,0.12,0.07,0,NA,NA
2/1/1966,2.68,1.76,NA,1.28,NA,NA,0.01,0.07,NA,NA,NA,NA,NA,NA,4.15,5.75,2.33,NA,NA
3/1/1966,0.04,1,NA,0.6,NA,NA,0,0,NA,NA,0.27,NA,NA,NA,7.56,8.33,6.16,NA,NA
4/1/1966,1.15,1.3,NA,0.45,NA,NA,0,0.18,NA,NA,0.35,NA,NA,NA,0.9,0.85,0.23,NA,NA
5/1/1966,0.23,0.24,NA,0.22,NA,NA,0.7,0,NA,NA,0.4,NA,NA,NA,1.76,1.09,0.07,NA,NA
6/1/1966,0.45,0.52,NA,0.2,NA,NA,0.19,0.23,NA,NA,0.28,NA,NA,NA,1,0.54,0,NA,NA
7/1/1966,0.2,0.12,NA,0.28,NA,NA,0.15,0.1,NA,NA,0.06,NA,NA,NA,1.3,0.96,0.18,NA,NA
8/1/1966,0.41,0.4,NA,1.94,NA,NA,0,0.45,NA,NA,1.23,NA,NA,NA,0.24,0.1,0,NA,NA
9/1/1966,0.53,0.5,NA,0.46,NA,NA,0.54,0.28,NA,NA,0.49,NA,NA,NA,0.52,0.26,0.23,NA,NA
10/1/1966,0,0.12,NA,0.08,NA,NA,0,0,NA,NA,0.03,NA,NA,NA,0.12,0.23,0.1,NA,NA
11/1/1966,0.7,4.15,NA,3.74,NA,NA,0.51,2.33,NA,NA,2.01,NA,NA,NA,0.4,2.25,0.45,NA,NA
12/1/1966,3.47,7.56,NA,4.16,NA,NA,5.71,6.16,NA,NA,5.51,NA,NA,NA,0.5,0.78,0.28,NA,NA
1/1/1967,5.31,7.35,NA,4.8,NA,NA,3.16,3.92,NA,NA,2.1,NA,NA,NA,0.32,0.23,0,NA,NA
2/1/1967,0.27,0.32,NA,0.58,NA,NA,0.1,0,NA,NA,NA,NA,NA,NA,3.36,2.96,2.04,NA,NA
3/1/1967,3.18,5.24,NA,7,NA,NA,0.29,2.93,NA,NA,2.3,NA,NA,NA,2.1,2.44,0.88,NA,NA
4/1/1967,3.25,3.54,NA,5.36,NA,NA,0.55,1.43,NA,NA,1.35,NA,NA,NA,7.35,8.54,3.92,NA,NA
5/1/1967,0.31,0.78,NA,0.98,NA,NA,0.26,0.6,NA,NA,0.11,NA,NA,NA,0.32,0.58,0,NA,NA
6/1/1967,0.38,0.24,NA,0.18,NA,NA,0.24,0.01,NA,NA,0.03,NA,NA,NA,5.24,9.59,2.93,NA,NA
7/1/1967,1.48,1.1,NA,0.98,NA,NA,1.32,1.27,NA,NA,0.47,NA,NA,NA,3.54,4.89,1.43,NA,NA
8/1/1967,2.51,0.88,NA,0.88,NA,NA,0.46,0.19,NA,NA,1.08,NA,NA,NA,0.78,1.5,0.6,NA,NA
9/1/1967,1.96,1.74,NA,1.48,NA,NA,0.24,1.25,NA,NA,1.91,NA,NA,NA,0.24,0.25,0.01,NA,NA
10/1/1967,0.13,0.32,NA,0.44,NA,NA,0,0,NA,NA,0.03,NA,NA,NA,1.1,2.35,1.27,NA,NA
11/1/1967,1.17,3.36,NA,3.1,NA,NA,0.49,2.04,NA,NA,1.4,NA,NA,NA,0.88,1.08,0.19,NA,NA
12/1/1967,1.14,2.1,NA,0.88,NA,NA,0.54,0.88,NA,NA,0.77,NA,NA,NA,1.74,1.71,1.25,NA,NA
1/1/1968,0.3,2.52,NA,1.38,NA,NA,0,1.28,NA,NA,0.29,NA,NA,NA,1.46,2.04,0.13,NA,NA
2/1/1968,0.53,3.32,NA,1.48,NA,NA,0.14,1.23,NA,NA,NA,NA,NA,NA,3.34,3.12,1.05,NA,NA
3/1/1968,0.51,1.38,NA,1.34,NA,NA,0.2,0.69,NA,NA,0.75,NA,NA,NA,6.16,5.36,3.08,NA,NA
4/1/1968,0.77,0.34,NA,0.48,NA,NA,0.06,0,NA,NA,0.26,NA,NA,NA,2.52,2.49,1.28,NA,NA
5/1/1968,1.1,0.48,NA,1.04,NA,NA,0.19,0.02,NA,NA,0.5,NA,NA,NA,3.32,1.51,1.23,NA,NA
6/1/1968,0.48,0.32,NA,0.38,NA,NA,0.11,0.01,NA,NA,0,NA,NA,NA,1.38,1.52,0.69,NA,NA
7/1/1968,2.47,0.86,NA,1.36,NA,NA,0.25,1.21,NA,NA,1.1,NA,NA,NA,0.34,0.48,0,NA,NA
8/1/1968,0.34,0.8,NA,0.34,NA,NA,0.18,0.24,NA,NA,0.06,NA,NA,NA,0.48,0.92,0.02,NA,NA
9/1/1968,0.09,0,NA,0.02,NA,NA,0.09,0.1,NA,NA,0.1,NA,NA,NA,0.32,0.24,0.01,NA,NA
10/1/1968,0,1.46,NA,0.98,NA,NA,0.07,0.13,NA,NA,0.16,NA,NA,NA,0.86,1.2,1.21,NA,NA
11/1/1968,0.85,3.34,NA,1.72,NA,NA,0,1.05,NA,NA,0.57,NA,NA,NA,0.8,0.29,0.24,NA,NA
12/1/1968,2.07,6.16,NA,4.72,NA,NA,0.68,3.08,NA,NA,0.94,NA,NA,NA,0,0.11,0.1,NA,NA
1/1/1969,5.74,11.72,NA,14.57,NA,NA,8.21,8.51,NA,NA,7.13,NA,NA,NA,2.84,1.99,1.61,NA,NA
2/1/1969,5.48,5.46,NA,6.98,NA,NA,9.1,3.5,NA,NA,NA,NA,NA,NA,0.44,0.46,0,NA,NA
3/1/1969,0.79,0.86,NA,0.7,NA,NA,0.53,0.31,NA,NA,5.64,NA,NA,NA,4.44,3.22,1.65,NA,NA
4/1/1969,0.32,1.02,NA,1.1,NA,NA,0.3,0.54,NA,NA,0.11,NA,NA,NA,NA,NA,NA,NA,NA
5/1/1969,1.01,0.44,NA,0.38,NA,NA,0.11,0.05,NA,NA,0.51,NA,NA,NA,11.72,15.96,8.51,NA,NA
6/1/1969,3.02,0.56,NA,0.98,NA,NA,2.21,2.1,NA,NA,1.59,NA,NA,NA,5.46,13.54,3.5,NA,NA
7/1/1969,0.4,0.28,NA,0.62,NA,NA,0.42,0.64,NA,NA,0.1,NA,NA,NA,0.86,1.41,0.31,NA,NA
8/1/1969,0.3,0.44,NA,0.28,NA,NA,0.29,0.31,NA,NA,0.09,NA,NA,NA,1.02,1.7,0.54,NA,NA
9/1/1969,0.03,0.16,NA,0,NA,NA,0,0.05,NA,NA,0.03,NA,NA,NA,0.44,0.92,0.05,NA,NA
10/1/1969,0.77,2.68,NA,1.46,NA,NA,0.05,1.56,NA,NA,2.13,NA,NA,NA,0.56,1.96,2.1,NA,NA
11/1/1969,0.1,0.44,NA,0.74,NA,NA,0.07,0,NA,NA,0.02,NA,NA,NA,0.28,0.29,0.64,NA,NA
12/1/1969,1.22,4.44,NA,1.86,NA,NA,0.19,1.65,NA,NA,1.22,NA,NA,NA,0.44,0.27,0.31,NA,NA
1/1/1970,2.88,8.84,NA,4.98,NA,NA,0.48,4.79,NA,NA,3.64,NA,NA,NA,0.92,0.22,0.39,NA,NA
2/1/1970,0.7,1.56,NA,1.24,NA,NA,0.19,0.84,NA,NA,NA,NA,NA,NA,5.8,8.17,5.1,NA,NA
3/1/1970,0.49,1.32,NA,1.68,NA,NA,0.18,0.22,NA,NA,0.74,NA,NA,NA,5.94,5.72,1.69,NA,NA
4/1/1970,1.04,1.3,NA,0.6,NA,NA,0.4,0.12,NA,NA,0.09,NA,NA,NA,8.84,8.22,4.79,NA,NA
5/1/1970,0,0,NA,0,NA,NA,0,0,NA,NA,0,NA,NA,NA,1.56,1.59,0.84,NA,NA
6/1/1970,0.69,1.16,NA,0.24,NA,NA,0.27,0.42,NA,NA,0.45,NA,NA,NA,1.32,2.42,0.22,NA,NA
7/1/1970,1.39,0.08,NA,0.22,NA,NA,0.85,1.03,NA,NA,0.23,NA,NA,NA,1.3,0.86,0.12,NA,NA
8/1/1970,0.25,0,NA,0,NA,NA,0.37,0.1,NA,NA,0,NA,NA,NA,0,0,0,NA,NA
9/1/1970,0.06,0,NA,0,NA,NA,0,0,NA,NA,0,NA,NA,NA,1.16,1.09,0.42,NA,NA
10/1/1970,0.06,0.92,NA,0.22,NA,NA,0,0.39,NA,NA,0.04,NA,NA,NA,0.08,0.32,1.03,NA,NA
11/1/1970,3.98,5.8,NA,5.66,NA,NA,1.71,5.1,NA,NA,4.01,NA,NA,NA,0,0,0.1,NA,NA
12/1/1970,1.35,5.94,NA,4.96,NA,NA,0.62,1.69,NA,NA,1.57,NA,NA,NA,0,0,0,NA,NA
1/1/1971,1.38,3.08,NA,2.6,NA,NA,0.1,0.8,NA,NA,0.5,NA,NA,NA,0.74,0.31,0.4,NA,NA
2/1/1971,2.05,1.2,NA,0.32,NA,NA,0.2,0.08,NA,NA,NA,NA,NA,NA,3.78,4.78,1.05,NA,NA
3/1/1971,0.92,2.56,NA,1.22,NA,NA,0.17,1.34,NA,NA,0.43,NA,NA,NA,6.36,10.97,4.22,NA,NA
4/1/1971,1.69,1.12,NA,0.6,NA,NA,0.25,0.22,NA,NA,0.1,NA,NA,NA,3.08,2.8,0.8,NA,NA
5/1/1971,1.84,2.34,NA,2,NA,NA,1.86,1.28,NA,NA,1.35,NA,NA,NA,1.2,0.7,0.08,NA,NA
6/1/1971,0.05,0.24,NA,0.24,NA,NA,0.01,0.07,NA,NA,0.02,NA,NA,NA,2.56,2.75,1.34,NA,NA
7/1/1971,1.99,2.4,NA,0.52,NA,NA,0.19,1.99,NA,NA,0.22,NA,NA,NA,1.12,0.9,0.22,NA,NA
8/1/1971,0.5,1.68,NA,1.62,NA,NA,0.24,0.53,NA,NA,0.21,NA,NA,NA,2.34,1.93,1.28,NA,NA
9/1/1971,0.29,0.58,NA,0.54,NA,NA,0.05,0.42,NA,NA,0.17,NA,NA,NA,0.24,0.07,0.07,NA,NA
10/1/1971,0.73,0.74,NA,0.18,NA,NA,0,0.4,NA,NA,0.15,NA,NA,NA,2.4,0.15,1.99,NA,NA
11/1/1971,0.96,3.78,NA,2.52,NA,NA,0.31,1.05,NA,NA,1.15,NA,NA,NA,1.68,0.82,0.53,NA,NA
12/1/1971,3.7,6.36,NA,7.92,NA,NA,4.55,4.22,NA,NA,5.17,NA,NA,NA,0.58,0.88,0.42,NA,NA
1/1/1972,0.5,0.38,NA,0.68,NA,NA,0.07,0.21,NA,NA,0.33,NA,NA,NA,1.12,1.97,1.17,NA,NA
2/1/1972,0.18,2.06,NA,0.44,NA,NA,0,0.1,NA,NA,NA,NA,NA,NA,2.8,3.76,1.67,NA,NA
3/1/1972,0.03,0.12,NA,0,NA,NA,0,0.01,NA,NA,0.48,NA,NA,NA,3.3,1.67,0.57,NA,NA
4/1/1972,1.11,2.65,NA,1.72,NA,NA,0.02,0.99,NA,NA,0.51,NA,NA,NA,1.5,1.17,0.21,NA,NA
5/1/1972,0.17,0.32,NA,0.46,NA,NA,0.17,0.48,NA,NA,0.21,NA,NA,NA,0.94,0.39,0.1,NA,NA
6/1/1972,0.55,1.18,NA,1.08,NA,NA,0.78,0.36,NA,NA,0.1,NA,NA,NA,0.12,0.02,0.01,NA,NA
7/1/1972,0.39,0.08,NA,0.4,NA,NA,0.41,0.1,NA,NA,0.09,NA,NA,NA,2.65,1.82,0.99,NA,NA
8/1/1972,0.46,0.14,NA,0,NA,NA,0.35,0.04,NA,NA,0.06,NA,NA,NA,0.32,0.38,0.48,NA,NA
9/1/1972,0.74,2,NA,1.96,NA,NA,1.08,1.3,NA,NA,1.61,NA,NA,NA,1.18,0.84,0.36,NA,NA
10/1/1972,2.76,1.12,NA,1.52,NA,NA,1.94,1.17,NA,NA,1.13,NA,NA,NA,0.08,0.24,0.1,NA,NA
11/1/1972,1.58,2.8,NA,2.86,NA,NA,1.21,1.67,NA,NA,1.66,NA,NA,NA,0.14,0,0.04,NA,NA
12/1/1972,1.66,3.3,NA,1.82,NA,NA,0.02,0.57,NA,NA,0.12,NA,NA,NA,2,1.91,1.3,NA,NA
1/1/1973,2.26,3.84,NA,3.26,NA,NA,2.85,2.54,NA,NA,2.28,NA,NA,NA,1.48,2.32,0.57,NA,NA
2/1/1973,2.09,4.08,NA,6.1,NA,NA,1.9,3.21,NA,NA,NA,NA,NA,NA,8.64,6.47,4,NA,NA
3/1/1973,3.04,1.94,NA,1.98,NA,NA,0.95,0.73,NA,NA,4.85,NA,NA,NA,5.36,4.16,2.24,NA,NA
4/1/1973,1.15,0.48,NA,0.52,NA,NA,0.05,0.2,NA,NA,0.4,NA,NA,NA,NA,NA,NA,NA,NA
5/1/1973,1.55,1.06,NA,0.5,NA,NA,0.29,0.94,NA,NA,0.13,NA,NA,NA,3.84,5.73,2.54,NA,NA
6/1/1973,0.19,0.64,NA,0.12,NA,NA,0.24,0.19,NA,NA,0.61,NA,NA,NA,4.08,8.57,3.21,NA,NA
7/1/1973,0.65,0.58,NA,0.06,NA,NA,0.09,0.09,NA,NA,0.04,NA,NA,NA,1.94,2.46,0.73,NA,NA
8/1/1973,0.84,0.88,NA,1.06,NA,NA,0.18,1.06,NA,NA,0.66,NA,NA,NA,0.48,0.5,0.2,NA,NA
9/1/1973,0,0.04,NA,0.02,NA,NA,0,0,NA,NA,0,NA,NA,NA,1.06,1.11,0.94,NA,NA
10/1/1973,0.29,1.44,NA,1.68,NA,NA,0.05,0.57,NA,NA,0.99,NA,NA,NA,0.64,0.08,0.19,NA,NA
11/1/1973,2.75,8.64,NA,4.36,NA,NA,1.92,4,NA,NA,3.83,NA,NA,NA,0.58,0,0.09,NA,NA
12/1/1973,1.37,5.36,NA,2.38,NA,NA,0.58,2.24,NA,NA,1.59,NA,NA,NA,0.88,0.73,1.06,NA,NA
1/1/1974,2.41,3.72,NA,3.16,NA,NA,1.44,3.42,NA,NA,2.99,NA,NA,NA,1.84,1.25,0.93,NA,NA
2/1/1974,0.08,1.22,NA,0.64,NA,NA,0,0.07,NA,NA,NA,NA,NA,NA,0.88,1.22,0.54,NA,NA
3/1/1974,1.32,5.02,NA,3.98,NA,NA,2.68,2.74,NA,NA,1.89,NA,NA,NA,1.54,4.45,1.2,NA,NA
4/1/1974,0.59,2.14,NA,1.22,NA,NA,0.09,0.69,NA,NA,0.25,NA,NA,NA,3.72,4.67,3.42,NA,NA
5/1/1974,0.46,0.4,NA,NA,NA,NA,0.06,0.17,NA,NA,0.1,NA,NA,NA,1.22,0.25,0.07,NA,NA
6/1/1974,0,0,NA,0,NA,NA,0,0,NA,NA,0,NA,NA,NA,5.02,6.04,2.74,NA,NA
7/1/1974,2.18,3.42,NA,2.48,NA,NA,0.28,0.83,NA,NA,0.95,NA,NA,NA,2.14,1.08,0.69,NA,NA
8/1/1974,1.55,0.24,NA,0.5,NA,NA,0.34,0.28,NA,NA,0.35,NA,NA,NA,0.4,0.65,0.17,NA,NA
9/1/1974,0,0,NA,0,NA,NA,0,0,NA,NA,0,NA,NA,NA,0,0,0,NA,NA
10/1/1974,1.15,1.84,NA,0.92,NA,NA,0.75,0.93,NA,NA,0.92,NA,NA,NA,3.42,2.76,0.83,NA,NA
11/1/1974,0.78,0.88,NA,0.8,NA,NA,0.28,0.54,NA,NA,0.86,NA,NA,NA,0.24,0.4,0.28,NA,NA
12/1/1974,1.28,1.54,NA,3.21,NA,NA,0.99,1.2,NA,NA,1.87,NA,NA,NA,0,0,0,NA,NA
1/1/1975,0.81,2.74,NA,0.99,NA,NA,0.15,0.41,NA,NA,0.41,NA,NA,NA,4.02,4.04,1.97,NA,NA
2/1/1975,2.34,5.48,NA,4.76,NA,NA,0.54,2.48,NA,NA,NA,NA,NA,NA,1.04,0.33,0.22,NA,NA
3/1/1975,3.96,5.84,NA,3.76,NA,NA,1.12,3.3,NA,NA,5.02,NA,NA,NA,0.42,0.22,0,NA,NA
4/1/1975,0.81,2.42,NA,2.98,NA,NA,0.03,0.52,NA,NA,2.2,NA,NA,NA,2.74,0.92,0.41,NA,NA
5/1/1975,0.93,0.54,NA,0.42,NA,NA,0.04,0.1,NA,NA,0.09,NA,NA,NA,5.48,6.49,2.48,NA,NA
6/1/1975,0.06,0.3,NA,0.42,NA,NA,0.18,0.01,NA,NA,0.08,NA,NA,NA,5.84,5.79,3.3,NA,NA
7/1/1975,0.64,0,NA,0.36,NA,NA,0.02,0.11,NA,NA,0,NA,NA,NA,2.42,2.99,0.52,NA,NA
8/1/1975,0.7,0.6,NA,0.48,NA,NA,0.07,1.04,NA,NA,0.38,NA,NA,NA,0.54,0.62,0.1,NA,NA
9/1/1975,0.46,1.36,NA,1.94,NA,NA,0.74,1.84,NA,NA,1.36,NA,NA,NA,0.3,0.38,0.01,NA,NA
10/1/1975,0.65,4.02,NA,3.08,NA,NA,0.7,1.97,NA,NA,1.28,NA,NA,NA,0,0.27,0.11,NA,NA
11/1/1975,0.15,1.04,NA,0.68,NA,NA,0.02,0.22,NA,NA,0.1,NA,NA,NA,0.6,1,1.04,NA,NA
12/1/1975,0.03,0.42,NA,0.28,NA,NA,0,0,NA,NA,0.08,NA,NA,NA,1.36,1.58,1.84,NA,NA
1/1/1976,0.1,1,NA,0.52,NA,NA,0,0.1,NA,NA,0.1,NA,NA,NA,0.39,0.29,0.09,NA,NA
2/1/1976,2.05,2.12,NA,1.89,NA,NA,0.32,1.56,NA,NA,NA,NA,NA,NA,0.52,0.04,0.02,NA,NA
3/1/1976,0.42,NA,NA,1.42,NA,NA,0.52,0.36,NA,NA,2.19,NA,NA,NA,0.1,0.13,0.03,NA,NA
4/1/1976,1.6,0.74,NA,1.38,NA,NA,0.49,0.49,NA,NA,0.65,NA,NA,NA,1,0.35,0.1,NA,NA
5/1/1976,0.28,0.58,NA,0.16,NA,NA,0.26,0.24,NA,NA,0.24,NA,NA,NA,2.12,2.23,1.56,NA,NA
6/1/1976,0.64,0,NA,0,NA,NA,0.24,0,NA,NA,0.05,NA,NA,NA,1.77,1.14,0.36,NA,NA
7/1/1976,3.83,2.86,NA,2.72,NA,NA,2.82,2.02,NA,NA,1.47,NA,NA,NA,0.74,1.45,0.49,NA,NA
8/1/1976,0.08,0.68,NA,0.66,NA,NA,0.05,0.14,NA,NA,0.35,NA,NA,NA,0.58,0.27,0.24,NA,NA
9/1/1976,2.36,2.1,NA,2.16,NA,NA,1.25,1.56,NA,NA,1.74,NA,NA,NA,0,0,0,NA,NA
10/1/1976,0.27,0.39,NA,0.4,NA,NA,0.18,0.09,NA,NA,0.07,NA,NA,NA,2.86,3.08,2.02,NA,NA
11/1/1976,0,0.52,NA,0.22,NA,NA,0,0.02,NA,NA,0,NA,NA,NA,0.68,0.62,0.14,NA,NA
12/1/1976,0,0.1,NA,0.16,NA,NA,0,0.03,NA,NA,0.01,NA,NA,NA,2.1,2.75,1.56,NA,NA
1/1/1977,0.74,2.04,NA,1.68,NA,NA,0.62,0.8,NA,NA,0.73,NA,NA,NA,0.38,0.66,0.29,NA,0.08
2/1/1977,1.01,1.5,NA,1.32,NA,NA,0.07,1.21,NA,NA,NA,NA,NA,NA,4.5,3.27,2.86,NA,1.75
3/1/1977,1.24,1.03,NA,1.03,NA,NA,0.35,0.66,NA,NA,1.33,NA,NA,NA,7.48,7.93,5.92,NA,6.42
4/1/1977,0,0.1,NA,0.28,NA,NA,0.05,0.07,NA,NA,0.01,NA,NA,NA,NA,NA,NA,NA,NA
5/1/1977,1.31,2.28,NA,1.58,NA,NA,0.88,2.16,NA,NA,1.25,NA,NA,NA,2.04,1.35,0.8,NA,NA
6/1/1977,2.68,1.38,NA,1.86,NA,NA,1.48,1.55,NA,NA,2.32,NA,NA,NA,1.5,1.35,1.21,NA,NA
7/1/1977,0.54,0.04,NA,0.2,NA,NA,0.07,0.08,NA,NA,0.29,NA,NA,NA,1.03,1.37,0.66,NA,NA
8/1/1977,0.67,NA,NA,0.28,NA,NA,0.66,0.3,NA,NA,0.53,NA,NA,NA,0.1,0.06,0.07,NA,NA
9/1/1977,0.43,0.16,NA,0.12,NA,NA,0,0.16,NA,NA,0.11,NA,NA,NA,2.28,1.52,2.16,NA,NA
10/1/1977,0,0.22,NA,0.42,NA,NA,0,0.13,NA,NA,0.07,NA,NA,NA,1.38,2.61,1.55,NA,NA
11/1/1977,0.87,4.5,NA,1.98,NA,NA,0,2.86,NA,NA,1.25,NA,NA,NA,0.04,0.36,0.08,NA,NA
12/1/1977,4.41,7.48,NA,5.14,NA,NA,3.59,5.92,NA,NA,3.86,NA,NA,NA,0,0.5,0.3,NA,NA
1/1/1978,2.52,6.32,NA,5.42,NA,NA,2.49,2.75,NA,NA,3.3,NA,NA,NA,0.3,0.35,0.39,NA,NA
2/1/1978,3.8,5.56,NA,5.31,NA,NA,4.07,4.09,NA,NA,NA,NA,NA,NA,2.66,2.88,1.75,NA,NA
3/1/1978,3.03,4.06,NA,3.76,NA,NA,2.35,2.45,NA,NA,8.16,NA,NA,NA,2.06,2.22,0.83,NA,NA
4/1/1978,1.47,3.02,NA,2.96,NA,NA,0.54,0.73,NA,NA,0.8,NA,NA,NA,6.32,9.04,2.75,NA,6.12
5/1/1978,0.15,0.2,NA,0.24,NA,NA,0.11,0,NA,NA,0.02,NA,NA,NA,5.56,8.35,4.09,NA,10.02
6/1/1978,0.5,0.16,NA,0.44,NA,NA,0.03,0.25,NA,NA,0.37,NA,NA,NA,4.06,6.24,2.45,NA,2.14
7/1/1978,0.6,0.12,NA,0.16,NA,NA,0,0.05,NA,NA,0.51,NA,NA,NA,3.02,3.54,0.73,NA,0.81
8/1/1978,0.56,0.36,NA,0.38,NA,NA,0.2,0.6,NA,NA,0.2,NA,NA,NA,0.2,0.21,0,NA,0
9/1/1978,0.85,2.24,NA,2.74,NA,NA,0.75,0.85,NA,NA,0.98,NA,NA,NA,0.16,0.52,0.25,NA,0.32
10/1/1978,0.76,0.3,NA,0.16,0.8,NA,0.25,0.39,NA,NA,0.35,NA,NA,NA,0.12,0.25,0.05,NA,2.86
11/1/1978,NA,2.66,NA,NA,2.7,NA,0.29,1.75,NA,NA,1.24,NA,NA,NA,0.36,0,0.6,NA,5.5
12/1/1978,NA,2.06,NA,2.22,3,NA,0.32,0.83,NA,NA,0.71,NA,NA,NA,2.24,2.09,0.85,NA,9.01
1/1/1979,NA,6.08,NA,4.9,5.7,NA,0.82,4.23,NA,NA,3.31,NA,NA,NA,2.84,0.84,1.17,NA,NA
2/1/1979,NA,4.7,NA,2.74,5.9,NA,1.35,2.5,NA,NA,NA,NA,NA,NA,2.94,1.5,0.89,NA,NA
3/1/1979,0.2,3.24,NA,4.28,4.3,NA,0.51,1.99,NA,NA,5.65,NA,NA,NA,4.72,5.28,2.26,NA,NA
4/1/1979,NA,1.08,NA,0.8,1.1,NA,0,0.25,NA,NA,0.18,NA,NA,NA,6.08,6.59,4.23,NA,NA
5/1/1979,NA,0.86,NA,0.48,1.3,NA,0.47,0.07,NA,NA,0.02,NA,NA,NA,4.7,3.34,2.5,NA,NA
6/1/1979,0,0.06,NA,0.06,0.1,NA,0,0,NA,NA,0,NA,NA,NA,3.24,5.88,2.19,NA,NA
7/1/1979,0.51,0.48,NA,0.26,0,NA,NA,0.42,NA,NA,0.23,NA,NA,NA,1.08,0.76,0.25,NA,NA
8/1/1979,0,0.44,NA,0.34,1.2,NA,0.49,0.43,NA,NA,0.36,NA,NA,NA,0.86,0.33,0.07,NA,NA
9/1/1979,0.2,0.2,NA,0.14,0,NA,0.3,0.17,NA,NA,0.2,NA,NA,NA,0.06,0.01,0,NA,NA
10/1/1979,0.4,2.84,NA,0.65,1.7,NA,0,1.17,NA,NA,0.44,NA,NA,NA,0.48,0.37,0.42,NA,NA
11/1/1979,0.2,2.94,NA,1.2,2,NA,0.21,0.89,NA,NA,0.59,NA,NA,NA,0.44,0.25,0.43,NA,NA
12/1/1979,NA,4.72,NA,3.74,4.4,NA,0,1.86,NA,NA,1.68,NA,NA,NA,0.2,0.33,0.17,NA,NA
1/1/1980,NA,11.4,NA,5.7,10.6,NA,2.31,6.1,NA,NA,4.82,NA,NA,NA,NA,NA,NA,NA,NA
2/1/1980,NA,7.48,NA,5.05,10.5,NA,2.51,5.44,NA,NA,NA,NA,NA,NA,NA,NA,NA,NA,NA
3/1/1980,NA,2.76,NA,2.68,3.9,NA,0.41,1.39,NA,NA,6.14,NA,NA,NA,NA,NA,NA,NA,NA
4/1/1980,0.3,1.96,NA,1.68,1.6,NA,0.2,0.88,NA,NA,1.47,NA,NA,NA,11.4,8.64,6.1,NA,NA
5/1/1980,NA,1.06,NA,1.5,1.4,NA,0.87,0.83,NA,NA,0.37,NA,NA,NA,7.48,10.65,5.44,NA,NA
6/1/1980,NA,0.14,NA,0.56,0,NA,0,0.02,NA,NA,0.01,NA,NA,NA,2.67,3.47,1.39,NA,NA
7/1/1980,0,0.4,NA,0.56,0.2,NA,0.19,0.05,NA,NA,0.12,NA,NA,NA,1.96,1.95,0.88,NA,NA
8/1/1980,NA,0.18,NA,0.18,0.1,NA,0.02,0.07,NA,NA,0,NA,NA,NA,1.06,0.96,0.83,NA,NA
9/1/1980,NA,0.72,NA,0.4,1.9,NA,0.58,0.32,NA,NA,0.27,NA,NA,NA,0.14,0.07,0.02,NA,NA
10/1/1980,NA,0.74,NA,0.5,0.4,NA,0.04,0.31,NA,NA,0.27,NA,NA,NA,4.42,2.99,0.56,NA,NA
11/1/1980,0,0.86,NA,0.7,1,NA,0.36,0.46,NA,NA,0.48,NA,NA,NA,1.99,1.3,0.78,NA,NA
12/1/1980,0,2,NA,0.94,2.6,NA,1.2,1.21,NA,NA,1.2,NA,NA,NA,7.92,2.64,3.51,NA,NA
1/1/1981,1.8,4.68,NA,4.1,4.7,NA,1.49,1.98,NA,NA,1.82,NA,NA,NA,4.68,NA,NA,NA,NA
2/1/1981,NA,1.6,NA,1.14,2.3,NA,0.1,4.07,NA,NA,NA,NA,NA,NA,1.45,NA,NA,NA,NA
3/1/1981,NA,5.3,NA,3.06,6.1,NA,1.09,2.4,NA,NA,2.32,NA,NA,NA,5.3,NA,NA,NA,NA
4/1/1981,NA,0.76,NA,0.48,2.9,NA,0.46,0.27,NA,NA,0.28,NA,NA,NA,0.76,NA,NA,NA,NA
5/1/1981,NA,1.2,NA,0.56,1.5,NA,0.39,0.85,NA,NA,1.38,NA,NA,NA,1.2,NA,NA,NA,NA
6/1/1981,0.12,0.12,NA,0.3,0.3,NA,0,0.03,NA,NA,0,NA,NA,NA,0.12,NA,NA,NA,NA
7/1/1981,0.04,0.18,NA,0.3,0,NA,0,0,NA,NA,0.13,NA,NA,NA,0.18,NA,NA,NA,NA
8/1/1981,0.12,0.26,NA,0.1,0,NA,0.02,0.1,NA,NA,0.16,NA,NA,NA,0.26,NA,NA,NA,NA
9/1/1981,0.27,0.12,NA,0.36,0,NA,0,0.13,NA,NA,0.04,NA,NA,NA,0.12,NA,NA,NA,NA
10/1/1981,1.02,3.42,NA,2.36,3.1,NA,0.19,2.02,NA,NA,1.25,NA,NA,NA,3.42,NA,NA,NA,NA
11/1/1981,NA,4.62,NA,3.7,5.2,NA,1.26,3.74,NA,NA,4.66,NA,NA,NA,4.62,NA,NA,NA,NA
12/1/1981,0.68,5.96,NA,4.42,5.1,NA,0.05,1.02,NA,NA,0.31,NA,NA,NA,5.96,NA,NA,NA,NA
1/1/1982,2.55,3.42,NA,6.36,8.4,NA,1.38,2.4,NA,NA,2.01,NA,NA,NA,6.68,NA,NA,NA,NA
2/1/1982,1.31,4.22,NA,1.1,3,NA,0.03,0.88,NA,NA,NA,NA,NA,NA,4.22,NA,NA,NA,NA
3/1/1982,1.73,6.5,NA,6.64,6.2,NA,1.01,1.81,NA,NA,2.36,NA,NA,NA,6.5,NA,NA,NA,NA
4/1/1982,1.42,3.9,NA,9.12,5.1,NA,2.27,3.46,NA,NA,5.06,NA,NA,NA,3.9,NA,NA,NA,NA
5/1/1982,0.79,0.22,NA,0.2,0.5,NA,0.08,0.3,NA,NA,0.42,NA,NA,NA,0.22,NA,NA,NA,NA
6/1/1982,1.9,2.08,NA,2.08,2.3,NA,0.63,1.37,NA,NA,1.13,NA,NA,NA,2.08,NA,NA,NA,NA
7/1/1982,1.44,1.5,NA,0.36,0.1,NA,0.2,0.63,NA,NA,0.14,NA,NA,NA,1.5,NA,NA,NA,NA
8/1/1982,1.55,2.76,NA,1.78,1.2,NA,1.74,1.43,NA,NA,1.43,NA,NA,NA,2.76,NA,NA,NA,NA
9/1/1982,1.41,3.1,NA,3.26,3.7,NA,0.78,2.05,NA,NA,1.67,NA,NA,NA,3.1,NA,NA,NA,NA
10/1/1982,1.78,5.22,NA,3.06,3.6,NA,0.85,2.66,NA,NA,1.54,NA,NA,NA,5.22,NA,2.66,NA,NA
11/1/1982,1.73,8.34,NA,5.18,6.4,NA,0.82,3.76,NA,NA,1.8,NA,NA,NA,8.34,NA,3.76,NA,NA
12/1/1982,NA,5.14,NA,7.58,5.7,NA,1.33,2.69,NA,NA,2.74,NA,NA,NA,5.14,NA,2.69,NA,NA
1/1/1983,2.16,10,NA,4.22,7.6,NA,1.62,3.28,NA,NA,2.67,NA,NA,NA,10,NA,2.32,NA,NA
2/1/1983,2.09,6.02,NA,5.64,10.2,NA,2.01,3.8,NA,NA,NA,NA,NA,NA,6.02,NA,4.02,NA,NA
3/1/1983,4.82,7.38,NA,8.8,5.9,NA,2.99,3.67,NA,NA,4.58,NA,NA,NA,7.28,NA,NA,NA,NA
4/1/1983,1.39,2.2,NA,2.11,3.2,NA,0.49,0.58,NA,NA,0.45,NA,NA,NA,2.1,NA,0.53,NA,NA
5/1/1983,0.01,0.52,NA,0.78,0.6,NA,0,0,NA,NA,0.04,NA,NA,NA,0.52,NA,0,NA,NA
6/1/1983,0.4,0.52,NA,0.28,0.3,NA,0.19,0.66,NA,NA,0.07,NA,NA,NA,0.52,NA,0.66,NA,NA
7/1/1983,0.08,0,NA,0,0,NA,0.15,0,NA,NA,0,NA,NA,NA,0,NA,0,NA,NA
8/1/1983,1.56,2.54,NA,2.04,2.3,NA,1.28,1.61,NA,NA,2.23,NA,NA,NA,2.54,NA,1.4,NA,NA
9/1/1983,1.2,1.06,NA,0.88,0.8,NA,0.49,0.31,NA,NA,0.55,NA,NA,NA,1.06,NA,0.31,NA,NA
10/1/1983,0.86,1.02,NA,0.98,0.8,NA,0.68,1.02,NA,NA,1.03,NA,NA,NA,1.02,NA,6.2,NA,NA
11/1/1983,3.66,7.96,NA,6.02,8.3,NA,0.68,5.98,NA,NA,2.88,NA,NA,NA,7.96,NA,NA,NA,NA
12/1/1983,1.81,9.58,NA,9.02,8.5,NA,1.08,4.38,NA,NA,2.76,NA,NA,NA,9.58,NA,4.38,NA,NA
1/1/1984,0.25,0.56,NA,0.58,1.2,NA,0,0.55,NA,NA,0.45,NA,NA,NA,3.32,NA,2.35,NA,NA
2/1/1984,2.1,2.76,NA,1.36,4.3,NA,0.37,1.8,NA,NA,NA,NA,NA,NA,NA,NA,NA,NA,NA
3/1/1984,0.85,1.4,NA,1.24,1.5,NA,0.3,0.51,NA,NA,1.44,NA,NA,NA,3.18,NA,0.81,NA,NA
4/1/1984,1.1,1.78,NA,1.55,1.5,NA,0.09,0.42,NA,NA,0.5,NA,NA,NA,NA,NA,0.42,NA,NA
5/1/1984,0,0.42,NA,0.48,0.4,NA,0,0,NA,NA,0.03,NA,NA,NA,0.42,NA,0,NA,NA
6/1/1984,0.6,1.86,NA,0.44,0.9,NA,0.27,0.15,NA,NA,0.11,NA,NA,NA,1.86,NA,0.15,NA,NA
7/1/1984,3.7,3.08,NA,1.7,1.9,NA,2.21,1.11,NA,NA,0.79,NA,NA,NA,3.08,NA,1.11,NA,NA
8/1/1984,0.74,2.16,NA,0.94,0.7,NA,2.47,0.68,NA,NA,1.14,NA,NA,NA,2.16,NA,0.85,NA,NA
9/1/1984,0.65,0.72,NA,0.58,0.3,NA,0,0.25,NA,NA,0.13,NA,NA,NA,0.72,NA,NA,NA,NA
10/1/1984,0.57,2.62,NA,2,1.3,NA,0.15,0.46,NA,NA,0.2,NA,NA,NA,2.62,NA,4.21,NA,NA
11/1/1984,2.09,6.42,NA,4.16,8.1,NA,1.55,3.75,NA,NA,1.64,NA,NA,NA,8.04,NA,1.04,NA,NA
12/1/1984,0.84,1.62,NA,1.68,2.1,NA,0.43,1.04,NA,NA,0.57,NA,NA,NA,NA,NA,NA,NA,NA
1/1/1985,0.66,0.78,NA,0.58,1.8,NA,0.05,0.81,NA,NA,0.49,NA,NA,NA,3.32,NA,1.67,NA,NA
2/1/1985,0.69,2.54,NA,1.9,2.5,NA,0,0.86,NA,NA,NA,NA,NA,NA,NA,NA,2.1,NA,NA
3/1/1985,2.41,3.58,NA,4.94,4.3,NA,0.61,2.1,NA,NA,1.27,NA,NA,NA,3.94,NA,NA,NA,NA
4/1/1985,0.22,0.36,NA,0.42,0.9,NA,0,0.08,NA,NA,0.12,NA,NA,NA,NA,NA,0.13,NA,NA
5/1/1985,0,0.11,NA,0.34,0.1,NA,0,0.05,NA,NA,0,NA,NA,NA,0.02,NA,NA,NA,NA
6/1/1985,0.71,0.42,NA,0.5,0.4,NA,0.71,0.25,NA,NA,0.23,NA,NA,NA,0.42,NA,1.32,NA,NA
7/1/1985,1.38,0.94,NA,0.54,1.8,NA,0.74,1.07,NA,NA,0.31,NA,NA,NA,1.02,NA,NA,NA,NA
8/1/1985,0,0.08,NA,0,0,NA,0,0,NA,NA,0,NA,NA,NA,NA,NA,2.88,NA,NA
9/1/1985,1.7,1.68,NA,2.38,2.5,NA,0.05,2.88,NA,NA,2.64,NA,NA,NA,1.68,NA,NA,NA,NA
10/1/1985,1.02,2.58,NA,1.32,5.4,NA,0.26,1.49,NA,NA,1.02,NA,NA,NA,2.58,NA,1.49,NA,NA
11/1/1985,1.43,5.2,NA,4.02,5.3,NA,0.99,2.47,NA,NA,1.67,NA,NA,NA,5.2,NA,2.1,NA,NA
12/1/1985,1.06,2.98,NA,3.4,3.2,NA,0.53,1.76,NA,NA,0.87,NA,NA,NA,2.98,NA,1.76,NA,NA
1/1/1986,0.56,2.92,NA,3.22,2.3,NA,0.68,1.59,NA,NA,1.11,NA,NA,NA,2.92,NA,12.62,NA,NA
2/1/1986,4.88,13.6,NA,12.12,15.7,NA,5.23,12.62,NA,NA,NA,NA,NA,NA,13.6,NA,NA,NA,NA
3/1/1986,3.15,3.66,NA,4.5,5.2,NA,1.53,3.57,NA,NA,9.35,NA,NA,NA,3.66,NA,3.57,NA,NA
4/1/1986,0.63,1.04,NA,0.6,1,NA,0.83,0.53,NA,NA,0.57,NA,NA,NA,1.04,NA,0.53,NA,NA
5/1/1986,0.11,0.58,NA,0.18,0.5,NA,0.4,0,NA,NA,0,NA,NA,NA,0.58,NA,0,NA,NA
6/1/1986,0.75,0,NA,0,0.1,NA,0,0.22,NA,NA,0.52,NA,NA,NA,NA,NA,NA,NA,NA
7/1/1986,0.96,0.82,NA,0.1,0.6,NA,0.45,0.14,NA,NA,0.1,NA,NA,NA,0.82,NA,0.36,NA,NA
8/1/1986,0.4,0.24,NA,0.02,0.3,NA,0.33,0.22,NA,NA,0.65,NA,NA,NA,0.24,NA,0.71,NA,NA
9/1/1986,0.2,1.04,NA,0.26,1.1,NA,0,0.49,NA,NA,0.21,NA,NA,NA,NA,NA,NA,NA,NA
10/1/1986,0.21,0.22,NA,0.24,0.5,NA,0,0.03,NA,NA,0.06,NA,NA,NA,1.26,NA,0.03,NA,NA
11/1/1986,0.04,0.18,NA,0.06,0,NA,0,0,NA,NA,0,NA,NA,NA,NA,NA,NA,NA,NA
12/1/1986,0.55,0.74,NA,0.48,0.5,NA,0,0.46,NA,NA,0.51,NA,NA,NA,0.92,NA,2.05,NA,NA
1/1/1987,1.43,2.94,NA,2.62,4.5,NA,1.9,1.56,NA,NA,1.11,NA,NA,NA,2.94,NA,1.56,NA,NA
2/1/1987,1.94,3.68,NA,1.42,3.4,NA,0.37,1.62,NA,NA,NA,NA,NA,NA,3.68,NA,1.62,NA,NA
3/1/1987,1.42,2.26,NA,2,2.7,NA,0.57,1.16,NA,NA,1.84,NA,NA,NA,2.26,NA,1.2,NA,NA
4/1/1987,0.22,0.64,NA,0.52,0.2,NA,0.09,0.1,NA,NA,0.04,NA,NA,NA,0.64,NA,0.1,NA,NA
5/1/1987,1.68,2.08,NA,1.26,2.2,NA,1.03,0.67,NA,NA,1.06,NA,NA,NA,2.08,NA,0.67,NA,NA
6/1/1987,1.57,0.54,NA,0.46,0.4,NA,0.34,0.4,NA,NA,0.83,NA,NA,NA,0.54,NA,0.48,NA,NA
7/1/1987,0.03,0.92,NA,0.1,0.6,NA,0,0.12,NA,NA,0.16,NA,NA,NA,0.92,NA,0.12,NA,NA
8/1/1987,0.12,0,NA,0.02,0.1,NA,0,0.17,NA,NA,0,NA,NA,NA,0,NA,0.17,NA,NA
9/1/1987,0,0,NA,0,0,NA,0,0,NA,NA,0,NA,NA,NA,1.18,1.81,1.34,NA,NA
10/1/1987,1.14,1.18,NA,1.16,0.9,NA,0.8,1.34,NA,NA,1.27,NA,NA,NA,3.08,2.38,1.82,NA,NA
11/1/1987,1.6,3.08,NA,2.12,2.2,NA,2.03,1.77,NA,NA,1.85,NA,NA,NA,3.06,3.05,1.2,NA,NA
12/1/1987,1.69,3.06,NA,3,3.8,NA,0.25,1.35,NA,NA,0.87,NA,NA,NA,NA,NA,NA,NA,NA
1/1/1988,1.31,6.68,NA,3.18,4.9,NA,0.51,2.01,NA,NA,1.58,NA,NA,NA,0.3,0.6,0.16,NA,NA
2/1/1988,0.13,0.3,NA,0.6,0.2,NA,0.22,0.16,NA,NA,NA,NA,NA,NA,0.66,0.19,1,NA,NA
3/1/1988,0.06,0.66,NA,0.32,1.5,NA,0.02,NA,NA,NA,0.31,NA,NA,NA,1.32,1.46,0.3,NA,NA
4/1/1988,0.8,1.32,NA,1.18,0.8,NA,0.62,NA,NA,NA,0.41,NA,NA,NA,0.78,0.88,0.5,NA,NA
5/1/1988,0.81,0.78,NA,0.56,1.1,0.49,0.32,NA,NA,NA,0.34,NA,NA,NA,0.5,0.55,0.7,NA,NA
6/1/1988,1.67,0.5,NA,0.62,0.5,0.32,0.77,NA,NA,NA,0.69,NA,NA,NA,0.46,0.86,0.26,NA,NA
7/1/1988,0.32,0.46,NA,0.92,0.2,0.85,0.13,NA,NA,NA,0.07,NA,NA,NA,0.72,0.63,0,NA,NA
8/1/1988,0.88,0.72,NA,0.82,0.2,0.16,0.22,NA,NA,NA,0.05,NA,NA,NA,0.5,0.72,NA,NA,NA
9/1/1988,0.33,0.5,NA,0.56,0.8,0.26,0.13,NA,NA,NA,0.42,NA,NA,NA,0,NA,NA,NA,NA
10/1/1988,0.02,0,NA,0,0,0,0,NA,NA,NA,0,NA,NA,NA,3.96,NA,NA,NA,NA
11/1/1988,1.69,3.96,NA,2.6,3.6,1.95,0.26,NA,NA,NA,0.92,NA,NA,NA,4.02,NA,NA,NA,NA
12/1/1988,1.46,4.02,NA,2.56,5.7,1.18,0.37,NA,NA,NA,0.91,NA,NA,NA,6.68,2.94,2.01,NA,NA
1/1/1989,0.3,1.24,NA,1.2,1.8,0.39,0.14,NA,NA,NA,0.31,NA,NA,NA,2.22,NA,NA,NA,NA
2/1/1989,0.76,2.22,NA,2.2,2.8,0.99,0,NA,NA,NA,NA,NA,NA,NA,5.74,NA,NA,NA,NA
3/1/1989,0.94,5.74,NA,6.34,4,1.44,0.14,NA,NA,NA,0.75,NA,NA,NA,1,NA,NA,NA,NA
4/1/1989,0.09,1,NA,1.14,1,0.34,0.02,NA,NA,NA,0,NA,NA,NA,2.12,NA,NA,NA,NA
5/1/1989,1.38,2.12,NA,1.98,3.2,2.23,1.38,NA,NA,NA,1.47,NA,NA,NA,0.62,NA,NA,NA,NA
6/1/1989,1.65,0.62,NA,0.82,1.1,0.24,0.46,NA,NA,NA,0.75,NA,NA,NA,0,NA,NA,NA,NA
7/1/1989,0.08,0,NA,0,0,0,0,NA,NA,NA,0,NA,NA,NA,1.1,NA,NA,NA,NA
8/1/1989,1.18,1.1,NA,1.34,1,1.17,3.34,NA,NA,NA,0.79,NA,NA,NA,1.68,NA,NA,NA,NA
9/1/1989,1.76,1.68,NA,2.06,1.7,0.92,0.4,NA,NA,NA,0.64,NA,NA,NA,NA,NA,NA,NA,NA
10/1/1989,0.06,1.02,NA,1.48,0.6,0.12,0,NA,NA,NA,0.07,NA,NA,NA,3.1,NA,NA,NA,0.12
11/1/1989,0.47,2.08,NA,1,1.8,0.13,0.4,NA,NA,NA,0.21,NA,NA,NA,0.08,NA,NA,NA,0.13
12/1/1989,0,0.08,NA,0.16,0.1,0,0,NA,NA,NA,0.06,NA,NA,NA,1.24,NA,NA,NA,0
1/1/1990,1.64,2.7,NA,5.16,4.1,2.79,0.89,NA,NA,NA,2.34,NA,NA,NA,3.19,NA,NA,NA,2.79
2/1/1990,1.16,3.19,NA,2.41,3.7,2.01,0.56,NA,NA,NA,NA,NA,NA,NA,1.52,NA,NA,NA,2.01
3/1/1990,0.16,1.52,NA,0.58,1.3,0.19,0,NA,NA,NA,1.17,NA,NA,NA,1.42,NA,NA,NA,0.19
4/1/1990,1.23,1.42,NA,0.68,0.8,1.14,1.18,NA,NA,NA,0.64,NA,NA,NA,0.71,NA,NA,NA,1.14
5/1/1990,0.49,0.71,NA,0.51,0.8,0.3,0.51,NA,NA,NA,0.22,NA,NA,NA,0.54,NA,NA,NA,0.3
6/1/1990,0.24,0.54,NA,0.62,0.3,0.32,1.45,NA,NA,NA,0.55,NA,NA,NA,NA,NA,NA,NA,0.32
7/1/1990,0.84,1.54,NA,1.28,2.1,1.36,0.64,NA,NA,NA,0.44,NA,NA,NA,1.54,NA,NA,NA,1.36
8/1/1990,0.32,0.46,NA,0.86,0.5,0.4,0.23,NA,NA,NA,0.23,NA,NA,NA,0.46,NA,NA,NA,0.4
9/1/1990,0.96,0.96,NA,0.7,1.5,0.75,0.29,NA,NA,NA,0.42,NA,NA,NA,0.96,NA,NA,NA,0.75
10/1/1990,0,0.36,NA,0.16,0,0.06,0,NA,NA,NA,0,NA,NA,NA,0.36,NA,NA,NA,0.06
11/1/1990,0.82,0.74,NA,0.4,0.5,0.32,0,NA,NA,NA,0.08,NA,NA,NA,0.74,NA,NA,NA,0.32
12/1/1990,0.43,1.22,NA,0.76,0.9,0.06,0.25,NA,NA,NA,0.14,NA,NA,NA,3.92,NA,NA,NA,0.06
1/1/1991,0.19,0.34,NA,0.72,0.8,0.22,0,NA,NA,NA,0.18,NA,NA,NA,0.34,NA,NA,NA,0.22
2/1/1991,0.47,0.89,NA,0.47,1.2,0.55,0.15,NA,NA,NA,NA,NA,NA,NA,0.89,NA,NA,NA,0.55
3/1/1991,4.58,10.15,NA,12.15,12.2,7.66,4.28,NA,NA,NA,4.05,NA,NA,NA,10.15,NA,NA,NA,NA
4/1/1991,0.65,0.54,NA,0.08,0.2,0,0.01,NA,NA,NA,0.04,NA,NA,NA,0.54,NA,NA,NA,0
5/1/1991,0.92,1.89,NA,0.44,1.3,NA,0.38,NA,NA,NA,0.39,NA,NA,NA,1.89,NA,NA,NA,NA
6/1/1991,0.66,0.42,NA,0.31,0.1,0.11,0,NA,NA,NA,0,NA,NA,NA,0.42,NA,NA,NA,0.11
7/1/1991,0.62,0.28,NA,0.38,0,0.15,0.07,NA,NA,NA,0.09,NA,NA,NA,0.28,NA,NA,NA,0.15
8/1/1991,0.21,0.18,NA,0,0.3,0,0,NA,NA,NA,0.25,NA,NA,NA,0.18,NA,NA,NA,0
9/1/1991,0.5,0.46,NA,0.72,0.6,0.37,0.4,NA,NA,NA,0.48,NA,NA,NA,0.46,NA,NA,NA,0.37
10/1/1991,1.55,2,NA,0.88,3,2.41,0.82,NA,NA,NA,1.39,NA,NA,NA,2,NA,NA,NA,0
11/1/1991,1.65,1.59,NA,0.99,2.6,0.65,0.2,NA,NA,NA,0.35,NA,NA,NA,1.59,NA,NA,NA,0
12/1/1991,0.82,1.33,NA,2.5,1.4,1.72,0.82,NA,NA,NA,0.91,NA,NA,NA,1.33,NA,NA,NA,0.83
1/1/1992,3.08,1.21,NA,0.1,1.6,0.53,0.75,NA,NA,NA,0.35,NA,NA,NA,1.21,NA,NA,NA,0.53
2/1/1992,1,4.26,NA,4.66,3.7,2.74,2.45,NA,NA,NA,NA,NA,NA,NA,4.26,NA,NA,NA,2.74
3/1/1992,0.58,1.17,NA,2.1,2.5,0.56,1.72,NA,NA,NA,2.51,NA,NA,NA,1.17,NA,NA,NA,0.56
4/1/1992,0.04,0.2,NA,0.12,0.4,0.21,0,NA,NA,NA,0.09,NA,NA,NA,0.2,NA,NA,NA,0.21
5/1/1992,0.3,0.34,NA,0.51,0.8,0.07,0,NA,NA,NA,0.01,NA,NA,NA,0.34,NA,NA,NA,0.07
6/1/1992,0.52,1.04,NA,0.42,1.3,1.19,0.1,NA,NA,NA,0.09,NA,NA,NA,1.04,NA,NA,NA,1.19
7/1/1992,1.86,1.72,NA,0.92,0.8,0.42,0.57,NA,NA,NA,0.82,NA,NA,NA,1.72,NA,NA,NA,2.07
8/1/1992,1.13,1.08,NA,1.92,1.1,0.41,0.45,NA,NA,NA,0.62,NA,NA,NA,1.08,NA,NA,NA,0.41
9/1/1992,0.25,0.25,NA,0.18,0.6,0.46,0.39,NA,NA,NA,0.01,NA,NA,NA,0.25,NA,NA,NA,0.46
10/1/1992,0.14,2.15,NA,1.68,1,1.1,0.4,NA,NA,NA,0.86,NA,NA,NA,2.15,NA,NA,NA,1.1
11/1/1992,0.13,0.09,NA,0.05,0.1,0.12,0,NA,NA,NA,0,NA,NA,NA,0.09,NA,NA,NA,0.12
12/1/1992,2.79,5.43,NA,NA,8.9,5.56,2.34,NA,NA,NA,2.5,NA,NA,NA,5.43,NA,NA,NA,5.56
1/1/1993,2.63,7.98,NA,8.27,8.4,4.84,2.26,NA,NA,NA,5.07,NA,NA,NA,NA,NA,NA,NA,4.84
2/1/1993,3.29,3.38,NA,6.01,8.7,4.94,3.1,NA,NA,NA,NA,NA,NA,NA,3.38,NA,NA,NA,NA
3/1/1993,1.3,2.25,NA,1.78,3.4,1.62,1.02,NA,NA,NA,6.25,NA,NA,NA,NA,NA,NA,NA,6.56
4/1/1993,0.05,0.54,NA,0.69,0.8,0,0.06,NA,NA,NA,0.03,NA,NA,NA,0.54,NA,NA,NA,0
5/1/1993,0.04,0.48,NA,0.37,0.6,0,0.01,NA,NA,NA,0,NA,NA,NA,0.48,NA,NA,NA,0
6/1/1993,0.31,0.51,NA,0.43,0.3,0.12,0.08,NA,NA,NA,0.19,NA,NA,NA,0.51,NA,NA,NA,0.12
7/1/1993,0,0,NA,0,0,0,0,NA,NA,NA,0,NA,NA,NA,0,NA,NA,NA,0
8/1/1993,0.26,0.02,NA,0.04,0,0,0,NA,NA,NA,0.01,NA,NA,NA,0.02,NA,NA,NA,0
9/1/1993,0.11,0,NA,0.05,0.2,NA,0,NA,NA,NA,0,NA,NA,NA,0,NA,NA,NA,0
10/1/1993,0.38,0.22,NA,0.41,0.1,0.06,0.24,NA,NA,NA,0.02,NA,NA,NA,0.22,NA,NA,NA,NA
11/1/1993,1.44,1.04,NA,1.01,1.2,0.48,0.32,NA,NA,NA,0.53,NA,NA,NA,1.04,NA,NA,NA,0.35
12/1/1993,0.63,1.2,NA,0.86,1.7,0.73,0,NA,NA,NA,0.45,NA,NA,NA,1.2,NA,NA,NA,0.73
1/1/1994,0.28,1.02,NA,0.67,0.5,0.45,0,NA,NA,NA,0.2,NA,NA,NA,1.02,NA,NA,NA,NA
2/1/1994,0.97,4.08,NA,3.19,4.8,7.4,2.47,NA,NA,NA,NA,NA,NA,NA,4.08,NA,NA,NA,2.23
3/1/1994,1.09,1.42,NA,1.09,2.7,0.95,0.7,NA,NA,NA,2.05,NA,NA,NA,1.42,NA,NA,NA,0.95
4/1/1994,0.83,0.91,NA,0.46,1.5,0.4,0,NA,NA,NA,0.35,NA,NA,NA,0.91,NA,NA,NA,NA
5/1/1994,3.21,2.45,NA,1.63,3.3,2.74,1.14,NA,NA,NA,2.37,NA,NA,NA,2.45,NA,NA,NA,NA
6/1/1994,0,0.23,NA,0.07,0.4,0,0,NA,NA,NA,0,NA,NA,NA,0.23,NA,NA,NA,NA
7/1/1994,0.47,0.17,NA,0.21,0.4,0,0.24,NA,NA,NA,0.03,NA,NA,NA,0.17,NA,NA,NA,NA
8/1/1994,0,0,NA,0,0,0,0,NA,NA,NA,0,NA,NA,NA,0,NA,NA,NA,NA
9/1/1994,0.42,0.43,NA,1.15,1.2,0.48,0.51,NA,NA,NA,0.37,NA,NA,NA,0.43,NA,NA,NA,NA
10/1/1994,0.81,1.61,NA,2.35,1.5,1.85,0.62,NA,NA,NA,0.54,NA,NA,NA,1.51,NA,NA,NA,NA
11/1/1994,2.17,8.41,NA,3.1,6.1,3.03,0.39,NA,NA,NA,1.51,NA,NA,NA,8.41,NA,NA,NA,NA
12/1/1994,0.64,1.31,NA,1.81,1.5,0.42,0.24,NA,NA,NA,0.21,NA,NA,NA,1.31,NA,NA,NA,NA
1/1/1995,2.49,7.04,NA,11.5,10.5,8.08,4.28,NA,NA,NA,4.51,NA,NA,NA,7.04,NA,NA,NA,NA
2/1/1995,0.58,0.55,NA,0.49,1.6,0.57,0,NA,NA,NA,NA,NA,NA,NA,NA,NA,NA,NA,NA
3/1/1995,3.7,7,NA,8.51,13,9.85,5.27,NA,NA,NA,7.37,NA,NA,NA,0.55,NA,NA,NA,NA
4/1/1995,1.33,1.59,NA,0.8,2.5,0.42,0.25,NA,NA,NA,0.76,NA,NA,NA,7,NA,NA,NA,NA
5/1/1995,3.38,3.08,NA,1.36,2.6,1,2.17,NA,NA,NA,1.73,NA,NA,NA,1.59,NA,NA,NA,NA
6/1/1995,1.63,1.89,NA,0.85,0.9,0.82,0.74,NA,NA,NA,0.99,NA,NA,NA,3.08,NA,NA,NA,NA
7/1/1995,0.92,0.1,NA,0.15,0.1,0.05,0.12,NA,NA,NA,0.1,NA,NA,NA,1.89,NA,NA,NA,NA
8/1/1995,0.09,0.51,NA,0.18,0,0.06,0.1,NA,NA,NA,0,NA,NA,NA,NA,NA,NA,NA,NA
9/1/1995,0.01,0.17,NA,0,0.3,0,0,NA,NA,NA,0,NA,NA,NA,NA,NA,NA,NA,NA
10/1/1995,0,0,NA,0,0,0.04,0,NA,NA,NA,0.01,NA,NA,NA,0.79,NA,NA,NA,NA
11/1/1995,0.03,0.12,NA,0.07,0.2,0.05,0,NA,NA,NA,0,NA,NA,NA,NA,NA,NA,NA,NA
12/1/1995,1.88,5.41,NA,2.97,4.5,3.29,2.23,NA,NA,NA,1.79,NA,NA,NA,0.12,NA,NA,NA,NA
1/1/1996,2.39,4.95,NA,3.82,7.4,4.05,0.35,NA,NA,NA,0.85,NA,NA,NA,5.41,NA,NA,NA,NA
2/1/1996,3.17,8.52,NA,5.49,7.5,5.63,2.22,NA,NA,NA,NA,NA,NA,NA,8.23,NA,NA,NA,NA
3/1/1996,2.47,3.74,NA,2.85,5.7,0.73,0.71,NA,NA,NA,4.23,NA,NA,NA,13.47,NA,NA,NA,NA
4/1/1996,0.82,2.27,NA,1.45,3,1.13,0.33,NA,NA,NA,0.68,NA,NA,NA,3.74,NA,NA,NA,NA
5/1/1996,1.02,1.92,NA,2.17,2,0.64,0.05,NA,NA,NA,0.03,NA,NA,NA,2.27,NA,NA,NA,NA
6/1/1996,0.5,0.1,NA,0.15,0.1,0,0,NA,NA,NA,0.05,NA,NA,NA,1.92,NA,NA,NA,NA
7/1/1996,0.99,0.42,NA,0.58,1.9,1.16,0.65,NA,NA,NA,0.52,NA,NA,NA,0.1,NA,NA,NA,NA
8/1/1996,0.22,0.53,NA,0,0.6,0.7,0.01,NA,NA,NA,0.03,NA,NA,NA,NA,NA,NA,NA,NA
9/1/1996,0,0.17,NA,0.08,0.2,0.13,0.03,NA,NA,NA,0,NA,NA,NA,NA,NA,NA,NA,NA
10/1/1996,1.9,1.62,NA,1.37,2.2,2.1,1.38,NA,NA,NA,1.09,NA,NA,NA,0.95,NA,NA,NA,NA
11/1/1996,3.35,4.82,NA,4.66,6,6.07,0.79,NA,NA,NA,3.69,NA,NA,NA,2.32,NA,NA,NA,NA
12/1/1996,3.33,9.5,NA,6.76,11.6,6.02,1.09,NA,NA,NA,1.43,NA,NA,NA,NA,NA,NA,NA,NA
1/1/1997,4.52,13.52,NA,5.77,13.9,7.31,1.08,NA,NA,NA,3.19,NA,NA,NA,14.32,NA,NA,NA,NA
2/1/1997,0.78,0.1,NA,0.37,0.5,0.37,0,NA,NA,NA,NA,NA,NA,NA,13.52,NA,NA,NA,NA
3/1/1997,0,0.27,NA,0.19,0.4,0,0,NA,NA,NA,0.09,NA,NA,NA,0.1,NA,NA,NA,NA
4/1/1997,0.75,0.5,NA,0.12,0.5,0,0,NA,NA,NA,0.04,NA,NA,NA,0.77,NA,NA,NA,NA
5/1/1997,0.12,0.48,NA,0.1,0.3,0,0.01,NA,NA,NA,0.54,NA,NA,NA,0.48,NA,NA,NA,NA
6/1/1997,2.78,0.88,NA,0.94,1.5,1.02,0.41,NA,NA,NA,0.99,NA,NA,NA,NA,NA,NA,NA,NA
7/1/1997,0.39,0.87,NA,0.69,1.9,1.5,0.81,NA,NA,NA,0.67,NA,NA,NA,NA,NA,NA,NA,NA
8/1/1997,0.01,0.36,NA,0,0,0.69,0.1,NA,NA,NA,0.02,NA,NA,NA,NA,NA,NA,NA,NA
9/1/1997,0.51,0.42,NA,0.44,0.5,0.31,0.84,NA,NA,NA,0.28,NA,NA,NA,2.11,NA,NA,NA,NA
10/1/1997,0.02,0.45,NA,0.57,0.4,0.07,0,NA,NA,NA,0.04,NA,NA,NA,0.42,NA,NA,NA,NA
11/1/1997,0.86,2.37,NA,2.03,3.2,NA,1.37,NA,NA,NA,1.53,NA,NA,NA,NA,NA,NA,NA,NA
12/1/1997,0.82,1.86,NA,2.17,2.5,0.85,0.43,NA,NA,NA,0.7,NA,NA,NA,0.45,NA,NA,NA,NA
1/1/1998,1.33,7.01,NA,2.25,4.9,1.44,0.45,NA,NA,NA,1.18,NA,NA,NA,4.23,NA,NA,NA,NA
2/1/1998,5.92,9.76,NA,8.03,13.4,8.51,5.55,NA,NA,NA,NA,NA,NA,NA,7.01,NA,NA,NA,NA
3/1/1998,1.93,3.61,NA,2.28,4.2,2.21,0.31,NA,NA,NA,5.87,NA,NA,NA,9.76,NA,NA,NA,NA
4/1/1998,0.54,1.66,NA,0.83,1.6,0,0.98,NA,NA,NA,0.69,NA,NA,NA,3.61,NA,NA,NA,NA
5/1/1998,1.08,1.04,NA,1.01,1.5,0,1.38,NA,NA,NA,0.44,NA,NA,NA,1.66,NA,NA,NA,NA
6/1/1998,2.08,1.2,NA,0.89,1.5,NA,1.45,NA,NA,NA,1.12,NA,NA,NA,NA,NA,NA,NA,NA
7/1/1998,0.6,0.27,NA,0.12,0.5,0.1,0.52,NA,NA,NA,0.13,NA,NA,NA,1.04,NA,NA,NA,NA
8/1/1998,0.05,0,NA,0,0,0,0.03,NA,NA,NA,0.01,NA,NA,NA,NA,NA,NA,NA,NA
9/1/1998,1.67,0.91,NA,1.75,2.7,1.24,1.49,NA,NA,NA,1.07,NA,NA,NA,1.47,NA,NA,NA,NA
10/1/1998,0.72,0.86,NA,0.51,0.5,0.21,0.31,NA,NA,NA,0.24,NA,NA,NA,1.03,NA,NA,NA,NA
11/1/1998,0.56,3.61,NA,2.01,3.1,0.77,0.08,NA,NA,NA,0.77,NA,NA,NA,NA,NA,NA,NA,NA
12/1/1998,NA,0.57,NA,0.17,1.2,0.36,0.17,NA,NA,NA,0.45,NA,NA,NA,4.47,NA,NA,NA,NA
1/1/1999,2.21,6.18,NA,3.33,6,2.92,0.47,NA,NA,NA,2.21,NA,NA,NA,0.57,NA,NA,NA,NA
2/1/1999,1.83,3.36,NA,5.73,6.2,3.17,0.35,NA,NA,NA,NA,NA,NA,NA,9.38,NA,NA,NA,NA
3/1/1999,0.53,2.15,NA,NA,1.3,NA,0.29,NA,NA,NA,1.61,NA,NA,NA,2.15,NA,NA,NA,NA
4/1/1999,3.69,2.29,NA,NA,3.6,1.15,0.62,NA,NA,NA,0.81,NA,NA,NA,2.29,NA,NA,NA,NA
5/1/1999,0.14,0,NA,NA,0.5,0,0.13,NA,NA,NA,0.11,NA,NA,NA,0,NA,NA,NA,NA
6/1/1999,0.19,0,NA,NA,0.5,0.1,NA,NA,NA,NA,0.15,NA,NA,NA,0,NA,NA,NA,NA
7/1/1999,0,0.87,NA,NA,0.3,0.1,0.23,NA,NA,NA,0.18,NA,NA,NA,0.87,NA,NA,NA,NA
8/1/1999,0.43,0.67,NA,0.59,0.6,0.27,0.27,NA,NA,NA,0.38,NA,NA,NA,0.67,NA,NA,NA,NA
9/1/1999,0.53,0.81,NA,0.65,0.7,0.35,0.39,NA,NA,NA,0.44,NA,NA,NA,0.81,NA,NA,NA,NA
10/1/1999,0.09,0.72,NA,0.4,0.6,0.2,0,NA,NA,NA,0.06,NA,NA,NA,0.72,NA,NA,NA,NA
11/1/1999,0.17,0.91,NA,1,1.5,0.6,0.03,NA,NA,NA,0.59,NA,NA,NA,0.91,NA,NA,NA,NA
12/1/1999,0.01,0.4,NA,0.19,0.2,0,0.02,NA,NA,NA,0.02,NA,NA,NA,0.4,NA,NA,NA,NA
1/1/2000,1.47,7.07,NA,3.34,6.4,2.59,0.18,NA,NA,NA,1.16,NA,NA,NA,7.07,NA,NA,NA,NA
2/1/2000,1.35,7.03,NA,4.26,7,3,0.43,NA,NA,NA,NA,NA,NA,NA,7.03,NA,NA,NA,NA
3/1/2000,0.5,0.68,NA,0.71,1.8,0.91,0.76,NA,NA,NA,2.85,NA,NA,NA,0.68,NA,NA,NA,NA
4/1/2000,0.62,0.91,NA,1.95,1.8,0.25,0.58,NA,NA,NA,0.51,NA,NA,NA,0.91,NA,NA,NA,NA
5/1/2000,0.13,1.19,NA,0.27,0.7,0.16,0.05,NA,NA,NA,0.05,NA,NA,NA,1.19,NA,NA,NA,NA
6/1/2000,0.96,0.38,NA,0.47,2.7,0.13,0.05,NA,NA,NA,0.19,NA,NA,NA,0.38,NA,NA,NA,NA
7/1/2000,0,0,NA,0,0,0,0,NA,NA,NA,0,NA,NA,NA,0,NA,NA,NA,NA
8/1/2000,1.19,0.86,NA,0.96,1.2,0.94,0.84,NA,NA,NA,0.45,NA,NA,NA,0.86,NA,NA,NA,NA
9/1/2000,0.05,NA,NA,NA,0.1,0.13,0,NA,NA,NA,0.25,NA,NA,NA,0,NA,NA,NA,NA
10/1/2000,0.46,1.35,NA,2.66,1.6,0.65,0.22,NA,NA,NA,0.58,NA,NA,NA,1.35,NA,NA,NA,NA
11/1/2000,0.06,0.16,NA,0.75,0.7,0.25,0,NA,NA,NA,0.11,NA,NA,NA,0.16,NA,NA,NA,NA
12/1/2000,0.05,0.05,NA,0,0.6,0.49,0,NA,NA,NA,0.02,NA,NA,NA,0.05,NA,NA,NA,NA
1/1/2001,3.02,1.95,NA,4.65,3.3,1.58,0.22,NA,NA,NA,1.25,NA,NA,NA,1.95,NA,NA,NA,NA
2/1/2001,1.09,3.4,NA,6.11,5.4,2.2,0.42,NA,NA,NA,NA,NA,NA,NA,3.4,NA,NA,NA,NA
3/1/2001,1.89,3.33,NA,6.07,3,2.59,0.54,NA,NA,NA,2.19,NA,NA,NA,3.28,NA,NA,NA,NA
4/1/2001,1.87,2,NA,4.61,3.5,1.46,0.62,NA,NA,NA,1.05,NA,NA,NA,2,NA,NA,NA,NA
5/1/2001,0.14,0.65,NA,0.5,0.1,0,0.21,NA,NA,NA,0.05,NA,NA,NA,0.65,NA,NA,NA,NA
6/1/2001,0,NA,NA,NA,0.1,0,0,NA,NA,NA,0,NA,NA,NA,0.19,NA,NA,NA,NA
7/1/2001,0.38,1.38,NA,1.69,0.8,0.82,0.69,NA,NA,NA,0.55,NA,NA,NA,1.38,NA,NA,NA,NA
8/1/2001,0.14,0.52,NA,0.96,0,0.53,0,NA,NA,NA,0,NA,NA,NA,0.52,NA,NA,NA,NA
9/1/2001,0,0.86,NA,1.25,0.4,0.1,0,NA,NA,NA,0.1,NA,NA,NA,0.86,NA,NA,NA,NA
10/1/2001,0.07,1.16,NA,0.1,0.5,0.25,0.06,NA,NA,NA,0.24,NA,NA,NA,1.16,NA,NA,NA,NA
11/1/2001,1.21,NA,NA,3.37,4.6,1.79,1.12,NA,NA,NA,1.8,NA,NA,NA,3.17,NA,NA,NA,NA
12/1/2001,3.01,3.98,NA,5.33,7,1.93,0.31,NA,NA,NA,1.42,NA,NA,NA,4.4,NA,NA,NA,NA
1/1/2002,0.25,2.03,NA,2.65,1.6,0.43,0.04,NA,NA,NA,0.2,NA,NA,NA,2.02,NA,NA,NA,NA
2/1/2002,0.07,0.94,NA,1.3,1.8,0.31,0,NA,NA,NA,NA,NA,NA,NA,0.94,NA,NA,NA,NA
3/1/2002,0.91,1.52,NA,1.18,2.6,1.11,0.4,NA,NA,NA,0.84,NA,NA,NA,1.52,NA,NA,NA,NA
4/1/2002,1.42,1.2,NA,1.62,1.3,0.4,0.2,NA,NA,NA,0.58,NA,NA,NA,1.2,NA,NA,NA,NA
5/1/2002,0.22,0.42,NA,0.66,0,0.02,0,NA,NA,NA,0.01,NA,NA,NA,0.42,NA,NA,NA,NA
6/1/2002,0,0.42,NA,0.36,0,0.02,0.56,NA,NA,NA,0.04,NA,NA,NA,0.42,NA,NA,NA,NA
7/1/2002,0.31,0.27,NA,0.42,1.1,0.83,0.12,NA,NA,NA,0.34,NA,NA,NA,0.27,NA,NA,NA,NA
8/1/2002,0.15,0.22,NA,0.17,0.1,0,0,NA,NA,NA,0.11,NA,NA,NA,0.22,NA,NA,NA,NA
9/1/2002,0.23,0.87,NA,NA,0.8,0.45,0.08,NA,NA,NA,0.49,NA,NA,NA,0.87,NA,NA,NA,NA
10/1/2002,0.21,0.28,NA,NA,0.3,0.1,0.01,NA,NA,NA,0.07,NA,NA,NA,0.28,NA,NA,NA,NA
11/1/2002,2.24,3.77,NA,2.92,4.4,3.96,2.09,NA,NA,NA,3.08,NA,NA,NA,3.77,NA,NA,NA,NA
12/1/2002,2.47,4.91,NA,4.39,7.6,4.93,2.09,NA,NA,NA,1.15,NA,NA,NA,4.7,NA,NA,NA,NA
1/1/2003,0.15,0.48,NA,0.74,0.8,0.15,0.03,NA,NA,NA,0.11,NA,NA,NA,0.2,NA,NA,NA,NA
2/1/2003,1.42,1.7,NA,2.21,2.2,1.57,0.98,NA,NA,NA,NA,NA,NA,NA,1.3,NA,NA,NA,NA
3/1/2003,1.21,1.1,NA,1.82,1.8,1.07,0.31,NA,NA,NA,1.66,NA,NA,NA,1.1,NA,NA,NA,NA
4/1/2003,0.54,2.42,NA,0,4.2,1.18,0,NA,NA,NA,1.19,NA,NA,NA,2,NA,NA,NA,NA
5/1/2003,0.19,1.14,NA,1.26,0.9,0.63,NA,NA,NA,NA,0.37,NA,NA,NA,0.3,NA,NA,NA,NA
6/1/2003,0.04,0.2,NA,0.1,0,0.25,NA,NA,NA,NA,0.17,NA,NA,NA,0.3,NA,NA,NA,NA
7/1/2003,1.49,2.26,NA,1.94,0.4,0.41,NA,NA,NA,NA,0.66,NA,NA,NA,2.4,NA,NA,NA,NA
8/1/2003,0.62,0.78,NA,0.88,0.5,1.07,NA,NA,NA,NA,0.23,NA,NA,NA,0.78,NA,NA,NA,NA
9/1/2003,0.42,0.43,NA,0.4,0.9,0.53,NA,NA,NA,NA,0.34,NA,NA,NA,10.7,NA,NA,NA,NA
10/1/2003,0.05,0,NA,0,0.2,0,NA,NA,NA,NA,0,NA,NA,NA,1.34,NA,NA,NA,NA
11/1/2003,0.69,1.73,NA,NA,1.5,1,NA,NA,NA,NA,0.78,NA,NA,NA,17.33,NA,NA,NA,NA
12/1/2003,2.51,0.47,NA,0.69,7.2,2.48,NA,NA,NA,NA,1.09,NA,NA,NA,0.47,NA,NA,NA,NA
1/1/2004,0.43,1.66,NA,1.23,2.4,2.22,NA,NA,NA,NA,0.04,NA,NA,NA,0.6,NA,NA,NA,NA
2/1/2004,1.41,3.28,NA,NA,6.5,3.42,NA,NA,NA,NA,NA,NA,NA,NA,2.7,NA,NA,NA,NA
3/1/2004,0.33,0.98,NA,0.3,1.4,0.33,NA,NA,NA,NA,2.24,NA,NA,NA,0.5,NA,NA,NA,NA
4/1/2004,0.37,NA,NA,0.8,0.3,0,NA,NA,NA,NA,0.08,NA,NA,NA,0.5,NA,NA,NA,NA
5/1/2004,0.5,0.76,NA,1.41,0.3,0.53,NA,NA,NA,NA,0.26,NA,NA,NA,1,NA,NA,NA,NA
6/1/2004,0.2,0.22,NA,0.79,0.1,0.4,NA,NA,NA,NA,0.25,NA,NA,NA,0.3,NA,NA,NA,NA
7/1/2004,0.19,0.64,NA,1.01,0.2,0.54,NA,NA,NA,NA,0.11,NA,NA,NA,0.64,NA,NA,NA,NA
8/1/2004,0.5,1.73,NA,1.42,1.5,0.99,NA,NA,NA,NA,0.65,NA,NA,NA,1.4,NA,NA,NA,NA
9/1/2004,0.07,0.07,NA,0.34,0.1,0.04,NA,NA,NA,NA,0,NA,NA,NA,0,NA,NA,NA,NA
10/1/2004,0.96,4.48,NA,NA,4,2.22,NA,NA,NA,NA,1.91,NA,NA,NA,2.7,NA,NA,NA,NA
11/1/2004,1.39,6.54,NA,NA,4.2,2.4,NA,NA,NA,NA,1.6,NA,NA,NA,1.2,NA,NA,NA,NA
12/1/2004,1.35,4.43,NA,NA,6.8,3.51,NA,NA,NA,NA,0.94,NA,NA,NA,4.43,NA,NA,NA,NA
1/1/2005,3.05,6.65,NA,NA,8.4,5.73,NA,NA,NA,NA,4.27,NA,NA,NA,1.3,NA,NA,NA,NA
2/1/2005,0.69,NA,NA,NA,4.1,2.44,NA,NA,NA,NA,NA,NA,NA,NA,2.5,NA,NA,NA,NA
3/1/2005,1.13,NA,NA,NA,5.4,2.41,NA,NA,NA,NA,2.82,NA,NA,NA,2.4,NA,NA,NA,NA
4/1/2005,0.73,NA,NA,NA,1.7,0.4,NA,NA,NA,NA,0.16,NA,NA,NA,0.4,NA,NA,NA,NA
5/1/2005,0.84,NA,NA,NA,2.4,0.91,NA,NA,NA,NA,0.64,NA,NA,NA,0.1,NA,NA,NA,NA
6/1/2005,0,NA,NA,NA,0.1,0.13,NA,NA,NA,NA,0,NA,NA,NA,1.5,NA,NA,NA,NA
7/1/2005,0.22,NA,NA,NA,0.1,0.12,NA,NA,NA,NA,0.11,NA,NA,NA,0.7,NA,NA,NA,NA
8/1/2005,0.4,NA,NA,NA,0.3,0.89,NA,NA,NA,NA,0.63,NA,NA,NA,0.5,NA,NA,NA,NA
9/1/2005,0.1,NA,NA,NA,0.1,0.47,NA,NA,NA,NA,0.35,NA,NA,NA,0,NA,NA,NA,NA
10/1/2005,0.3,NA,NA,NA,0.3,0.27,NA,NA,NA,NA,0.22,NA,NA,NA,1.4,NA,NA,NA,NA
11/1/2005,0.21,NA,NA,NA,1.4,0.66,NA,NA,NA,NA,0.43,NA,NA,NA,0,NA,NA,NA,NA
12/1/2005,4.54,NA,NA,NA,9.8,8.02,NA,NA,NA,NA,3.46,NA,NA,NA,7.8,NA,NA,NA,NA
1/1/2006,1.47,NA,NA,NA,7.2,5.7,NA,NA,NA,NA,6.17,NA,NA,NA,3.2,NA,NA,NA,NA
2/1/2006,0.79,NA,NA,NA,2.8,2.14,NA,NA,NA,NA,NA,NA,NA,NA,NA,NA,NA,NA,NA
3/1/2006,0.64,NA,NA,NA,6.7,2.01,NA,NA,NA,NA,3,NA,NA,NA,NA,NA,NA,NA,NA
4/1/2006,0.77,NA,NA,NA,1.6,2.29,NA,NA,NA,NA,1.77,NA,NA,NA,NA,NA,NA,NA,NA
5/1/2006,0.94,NA,NA,NA,0.9,0.91,NA,NA,NA,NA,0.88,NA,NA,NA,NA,NA,NA,NA,NA
6/1/2006,0.14,NA,NA,NA,0.1,0.43,NA,NA,NA,NA,0.13,NA,NA,NA,NA,NA,NA,NA,NA
7/1/2006,0.74,NA,NA,NA,1.1,0.24,NA,NA,NA,NA,0.2,NA,NA,NA,0,NA,NA,NA,NA
8/1/2006,0,NA,NA,NA,0,0,NA,NA,NA,NA,0,NA,NA,NA,0,NA,NA,NA,NA
9/1/2006,0,NA,NA,NA,0,0,NA,NA,NA,NA,0,NA,NA,NA,0,NA,NA,NA,NA
10/1/2006,0.66,NA,NA,NA,1.6,0.86,NA,NA,NA,NA,0.32,NA,NA,NA,NA,NA,NA,NA,NA
11/1/2006,0.05,NA,NA,NA,1.2,0.35,NA,NA,NA,NA,0.26,NA,NA,NA,NA,NA,NA,NA,NA
12/1/2006,0.91,NA,NA,NA,2.1,1.22,NA,NA,NA,NA,0.63,NA,NA,NA,0,NA,NA,NA,NA
1/1/2007,0.77,NA,NA,NA,1.5,0.55,NA,NA,NA,NA,0.27,NA,NA,NA,NA,NA,NA,NA,NA
2/1/2007,1.27,NA,NA,NA,5,2.08,NA,NA,NA,NA,NA,NA,NA,NA,NA,NA,NA,NA,NA
3/1/2007,0.34,NA,NA,NA,1.3,0.29,NA,NA,NA,NA,0.86,NA,NA,NA,NA,NA,NA,NA,NA
4/1/2007,1.54,NA,NA,NA,1.2,0.15,NA,NA,NA,NA,0.07,NA,NA,NA,NA,NA,NA,NA,NA
5/1/2007,0.11,NA,NA,NA,0.4,0.07,NA,NA,NA,NA,0,NA,NA,NA,NA,NA,NA,NA,NA
6/1/2007,0,NA,NA,NA,0.4,0.12,NA,NA,NA,NA,0,NA,NA,NA,NA,NA,NA,NA,NA
7/1/2007,0.2,NA,NA,NA,0.5,0.36,NA,NA,NA,NA,0.03,NA,NA,NA,NA,NA,NA,NA,NA
8/1/2007,1.81,NA,NA,NA,2.3,1.28,NA,NA,NA,NA,0.26,NA,NA,NA,NA,NA,NA,NA,NA
9/1/2007,0.56,NA,NA,NA,1,0.24,NA,NA,NA,NA,0.23,NA,NA,NA,NA,NA,NA,NA,NA
10/1/2007,0.46,NA,NA,NA,0.8,0.13,NA,NA,NA,NA,0.01,NA,NA,NA,NA,NA,NA,NA,NA
11/1/2007,0.2,NA,NA,NA,0.4,0.15,NA,NA,NA,NA,0.21,NA,NA,NA,NA,NA,NA,NA,NA
12/1/2007,1.24,NA,NA,NA,2.9,1.38,NA,NA,NA,NA,1.09,NA,NA,NA,NA,NA,NA,NA,NA
1/1/2008,3.59,NA,NA,NA,11.1,7.77,NA,NA,NA,NA,5.12,NA,NA,NA,NA,NA,NA,NA,NA
2/1/2008,1.89,NA,NA,NA,6.4,2.36,NA,NA,NA,NA,NA,NA,NA,NA,NA,NA,NA,NA,NA
3/1/2008,0.52,NA,NA,NA,1.1,0.17,NA,NA,NA,NA,0.46,NA,NA,NA,NA,NA,NA,NA,NA
4/1/2008,0,NA,NA,NA,0.2,0,NA,NA,NA,NA,0,NA,NA,NA,NA,NA,NA,NA,NA
5/1/2008,2.47,NA,NA,NA,2.4,1.22,NA,NA,NA,NA,0.69,NA,NA,NA,NA,NA,NA,NA,NA
6/1/2008,0.02,NA,NA,NA,0,0,NA,NA,NA,NA,0.01,NA,NA,NA,NA,NA,NA,NA,NA
7/1/2008,0,NA,NA,NA,0.2,0.02,NA,NA,NA,NA,0.02,NA,NA,NA,NA,NA,NA,NA,NA
8/1/2008,0,NA,NA,NA,0,0.04,NA,NA,NA,NA,0.01,NA,NA,NA,NA,NA,NA,NA,NA
9/1/2008,0,NA,NA,NA,0,0,NA,NA,NA,NA,0,NA,NA,NA,NA,NA,NA,NA,NA
10/1/2008,0.5,NA,NA,NA,0.9,0.24,NA,NA,0.18,NA,0.01,NA,0.18,NA,NA,NA,NA,NA,NA
11/1/2008,0.77,NA,NA,NA,2.9,1.35,NA,NA,1.93,NA,1.03,NA,1.93,NA,NA,NA,NA,NA,NA
12/1/2008,1.41,NA,NA,NA,3,1.53,NA,NA,1.27,NA,0.3,NA,1.27,NA,3.3,NA,NA,NA,NA
1/1/2009,0.7,NA,NA,NA,2.8,0.88,NA,NA,1.19,NA,0.68,NA,1.19,NA,0.9,NA,NA,NA,NA
2/1/2009,0.58,NA,NA,NA,4.3,2.43,NA,NA,1.8,NA,NA,NA,1.8,NA,1.78,NA,NA,NA,NA
3/1/2009,1.81,NA,NA,NA,5.8,2.15,NA,NA,2.12,NA,3.3,NA,2.12,NA,1.81,NA,NA,NA,NA
4/1/2009,0.56,0.2,NA,0.75,1.2,0.3,NA,NA,0.24,NA,0.23,NA,0.23,NA,0.2,NA,NA,NA,NA
5/1/2009,0.37,0.35,NA,0.58,1.6,0.8,NA,NA,0.67,NA,0.2,NA,0.67,NA,0.35,NA,NA,NA,NA
6/1/2009,1.85,0.32,NA,1,0.7,0.8,NA,NA,0.91,NA,0.56,NA,0.87,NA,0.32,NA,NA,NA,NA
7/1/2009,0.28,0.27,NA,0.5,0,0.12,NA,NA,0.2,NA,0.02,NA,0.2,NA,0.27,NA,NA,NA,NA
8/1/2009,0.39,NA,NA,NA,0,0.36,NA,NA,0.24,NA,0.39,NA,0.24,NA,0.44,NA,NA,NA,NA
9/1/2009,0.02,0.03,NA,0,0.2,0,NA,NA,0.07,NA,0,NA,0.07,NA,0.01,NA,NA,NA,NA
10/1/2009,1.13,NA,NA,NA,3.4,2.52,NA,NA,3.09,NA,2.83,NA,3.09,NA,2.88,NA,NA,NA,NA
11/1/2009,0.17,NA,NA,NA,1.5,0.62,NA,NA,0.25,NA,0.28,NA,0.25,NA,0.51,NA,NA,NA,NA
12/1/2009,0.9,NA,NA,NA,3.7,1.76,NA,NA,2.19,NA,1.03,NA,2.19,NA,2.56,NA,NA,NA,NA
1/1/2010,1.23,3.51,NA,4.45,5.3,3.83,NA,NA,3.24,NA,1.89,NA,3.24,NA,3.51,NA,NA,NA,NA
2/1/2010,1.69,3.27,NA,3.27,6,3.26,NA,NA,2.73,NA,NA,NA,2.73,NA,3.27,NA,NA,NA,NA
3/1/2010,0.09,1.14,NA,1.69,3.1,0.73,NA,NA,0.28,NA,1.63,NA,0.14,NA,1.4,NA,NA,NA,NA
4/1/2010,1.53,2.56,NA,2.68,4.3,1.77,NA,NA,1.27,NA,0.7,NA,1.27,NA,2.56,NA,NA,NA,NA
5/1/2010,0.28,0.79,NA,0.75,1,0.3,NA,NA,0.48,NA,0.05,NA,0.48,NA,0.8,NA,NA,NA,NA
6/1/2010,0,0.04,NA,0,0,0,NA,NA,0,NA,0,NA,0,NA,0,NA,NA,NA,NA
7/1/2010,1.21,0.63,NA,0.14,0.2,0.37,NA,NA,1,NA,0,NA,1,NA,0.6,NA,NA,NA,NA
8/1/2010,0,0,NA,0,0,0,NA,NA,0,NA,0.08,NA,0,NA,0,NA,NA,NA,NA
9/1/2010,0,0,NA,0,0,0,NA,NA,0,NA,0,NA,0,NA,0,NA,NA,NA,NA
10/1/2010,1.85,6.1,NA,2.13,5,3.73,NA,NA,3.9,NA,3.11,NA,3.9,NA,6.16,NA,NA,NA,NA
11/1/2010,1.26,1.77,NA,1.18,4.5,2.1,NA,NA,2.12,NA,0.97,NA,2.12,NA,1.78,NA,NA,NA,NA
12/1/2010,2.26,5.47,NA,NA,11,8.01,NA,NA,6.2,NA,3.78,NA,6.2,NA,6.77,NA,NA,NA,NA
1/1/2011,0.61,NA,NA,NA,1.2,0.73,NA,NA,0.72,NA,0.39,NA,0.72,NA,2.93,NA,NA,NA,NA
2/1/2011,1.5,NA,NA,NA,4.4,2.48,NA,NA,2.55,NA,NA,NA,2.55,NA,2.17,NA,NA,NA,NA
3/1/2011,3.23,NA,NA,NA,8.5,3.93,NA,NA,3.81,NA,2.57,NA,3.81,NA,4.78,NA,NA,NA,NA
4/1/2011,0.6,NA,NA,NA,2.7,0.46,NA,NA,0.49,NA,0.21,NA,0.49,NA,1.31,NA,NA,NA,NA
5/1/2011,0.79,NA,NA,NA,1.8,0.27,NA,NA,0.58,NA,0.32,NA,0.58,NA,3.9,NA,NA,NA,NA
6/1/2011,0.62,NA,NA,NA,1.1,0.92,NA,NA,0.96,NA,1.04,NA,0.96,NA,0.86,NA,NA,NA,NA
7/1/2011,0.06,NA,NA,NA,0.3,0.27,NA,NA,0.04,NA,0.98,NA,0.04,NA,0.87,NA,NA,NA,NA
8/1/2011,0.02,NA,NA,NA,0,0.05,NA,NA,0.22,NA,0.06,NA,0,NA,0,NA,NA,NA,NA
9/1/2011,0.48,NA,NA,NA,0.4,0.35,NA,NA,0.42,NA,0.16,NA,0.42,NA,0.4,NA,NA,NA,NA
10/1/2011,0,NA,NA,NA,1.1,1.13,NA,NA,0.75,NA,0.72,NA,0.75,NA,1.38,NA,NA,NA,NA
11/1/2011,0.33,NA,NA,NA,1,0.18,NA,NA,0.34,NA,0.08,NA,0.34,NA,0.51,NA,NA,NA,NA
12/1/2011,0,NA,NA,NA,0.2,0,NA,NA,0.02,NA,0.03,NA,0.02,NA,0,NA,NA,NA,NA
1/1/2012,1.53,NA,NA,NA,3.8,2.39,NA,NA,3.29,NA,0.15,NA,3.29,NA,2.9,NA,NA,NA,NA
2/1/2012,0.34,NA,NA,NA,1.6,0.25,NA,NA,0.28,NA,NA,NA,0.28,NA,0.9,NA,NA,NA,NA
3/1/2012,0.9,NA,NA,NA,3.8,1.16,NA,NA,0.97,NA,1.55,NA,0.97,NA,3.07,NA,NA,NA,NA
4/1/2012,0.23,NA,NA,NA,1.2,0.34,NA,NA,0.14,NA,0.26,NA,0.14,NA,1.23,NA,NA,NA,NA
5/1/2012,0.33,NA,NA,NA,0,0,NA,NA,0,NA,0.04,NA,0,NA,0.04,NA,NA,NA,NA
6/1/2012,0.21,NA,NA,NA,0.4,0.05,NA,NA,0.19,NA,0.21,NA,0.19,NA,0.28,NA,NA,NA,NA
7/1/2012,0.63,NA,NA,NA,0,0.09,NA,NA,0.13,NA,0.03,NA,0.13,NA,0.04,NA,NA,NA,NA
8/1/2012,1.67,NA,NA,NA,1.6,0.57,NA,NA,0.76,NA,0.54,NA,0.66,NA,3.12,NA,NA,NA,NA
9/1/2012,0.36,NA,NA,NA,0.1,0.03,NA,NA,0,NA,0,NA,0,NA,NA,NA,NA,NA,NA
10/1/2012,0.35,NA,NA,NA,1,0.8,NA,NA,0.63,NA,0.69,NA,0.63,NA,1.25,NA,NA,NA,NA
11/1/2012,0.59,NA,NA,NA,4,0.92,NA,NA,0.94,NA,1.68,NA,0.94,NA,2.5,NA,NA,NA,NA
12/1/2012,3.57,NA,NA,NA,7.6,4.82,NA,NA,5.2,NA,1.99,NA,5.2,NA,5.1,NA,NA,NA,NA
1/1/2013,0.3,NA,NA,NA,1.1,0.18,NA,NA,0.13,NA,0.23,NA,0.13,NA,0.44,NA,NA,NA,NA
2/1/2013,0.39,NA,NA,NA,0.4,0,NA,NA,0,NA,NA,NA,0,NA,0.16,NA,NA,NA,NA
3/1/2013,0.12,NA,NA,NA,1.4,0.03,NA,NA,0.06,NA,0.15,NA,0.06,NA,1.1,NA,NA,NA,NA
4/1/2013,0.55,NA,NA,NA,1.5,0.42,NA,NA,0.46,NA,0.46,NA,0.46,NA,0.36,NA,NA,NA,NA
5/1/2013,0,NA,NA,NA,0.3,1.05,NA,NA,0.34,NA,0.44,NA,0.34,NA,0.8,NA,NA,NA,NA
6/1/2013,0,NA,NA,NA,0.1,0.12,NA,NA,0.06,NA,0.04,NA,0.06,NA,0.24,NA,NA,NA,NA
7/1/2013,1.26,NA,NA,NA,1,0.82,NA,NA,0.19,NA,0.59,NA,0.19,NA,0.04,NA,NA,NA,NA
8/1/2013,1.04,NA,NA,NA,0.4,0.52,NA,NA,0.17,NA,0.42,NA,0.02,NA,0.2,NA,NA,NA,NA
9/1/2013,0.46,NA,NA,NA,1.1,0.59,NA,NA,0.33,NA,0.52,NA,0.33,NA,0.4,NA,NA,NA,NA
10/1/2013,0.42,NA,NA,NA,0.8,0.5,NA,NA,0.6,NA,0.32,NA,0.6,NA,0.6,NA,NA,1.93,NA
11/1/2013,0.32,NA,NA,NA,0.5,0.18,NA,NA,0.17,NA,0.22,NA,0.17,NA,0.56,NA,NA,0.33,NA
12/1/2013,0.42,NA,NA,NA,1.4,0.63,NA,NA,0.46,NA,0.07,NA,0.46,NA,1.28,NA,NA,0,NA
1/1/2014,0.73,NA,NA,NA,1.9,1.35,NA,NA,1.34,NA,0.89,NA,1.34,NA,1.32,NA,NA,0,NA
2/1/2014,1.56,NA,NA,NA,5.3,1.89,NA,NA,1.72,NA,NA,NA,1.72,NA,4.02,NA,NA,0,NA
3/1/2014,1.35,NA,NA,NA,1.8,1.39,NA,NA,1.77,NA,2.54,NA,1.77,NA,2.52,NA,NA,0,NA
4/1/2014,0.28,NA,NA,NA,1.4,0.55,NA,NA,0.57,NA,0.31,NA,0.55,NA,1.2,NA,NA,0,NA
5/1/2014,0.04,NA,NA,NA,1.5,0.37,NA,NA,0.59,NA,0.66,NA,0.59,NA,0.8,NA,NA,0,NA
6/1/2014,0.01,NA,NA,NA,0.1,0.54,NA,NA,0.04,NA,0.05,NA,0.04,NA,0.52,NA,NA,0,NA
7/1/2014,0.05,NA,NA,NA,1.3,0.86,NA,NA,1.04,NA,1.7,NA,1.04,NA,0.88,NA,NA,0,NA
8/1/2014,0.17,NA,NA,NA,1.9,1.01,NA,NA,1.16,NA,0.49,NA,1.16,NA,1.68,NA,NA,0,NA
9/1/2014,0.3,NA,NA,NA,0.5,1.03,NA,NA,0.49,NA,0.39,NA,0.49,NA,0.36,NA,NA,0,NA
10/1/2014,0,NA,NA,NA,0.1,0,NA,NA,0,NA,0.09,NA,0,NA,0,NA,NA,0,NA
11/1/2014,0.21,NA,NA,NA,1,0.64,NA,NA,0.41,NA,0.21,NA,0.41,NA,0.6,NA,NA,0,NA
12/1/2014,1.14,NA,NA,NA,2,0.91,NA,NA,0.95,NA,0.88,NA,0.95,NA,1.92,NA,NA,0,NA
1/1/2015,0.11,NA,NA,NA,0.3,0.28,NA,NA,0.17,NA,0.16,NA,0.17,NA,0.28,NA,NA,0,NA
2/1/2015,0.31,NA,NA,NA,3,1.16,NA,NA,1.35,NA,NA,NA,1.35,NA,2.12,NA,NA,1.88,NA
3/1/2015,0.21,NA,NA,NA,0.7,0.64,NA,NA,0.2,NA,1.3,NA,0.2,NA,0.52,NA,NA,0,NA
4/1/2015,0.15,NA,NA,NA,1.9,0.73,NA,NA,0.72,NA,0.18,NA,0.72,NA,1.24,NA,NA,0,NA
5/1/2015,6.06,NA,NA,NA,5.1,4.15,NA,NA,2.94,NA,3.33,NA,2.94,NA,3.12,NA,NA,0,NA
6/1/2015,0.76,NA,NA,NA,1,0.61,NA,NA,0.73,NA,0.91,NA,0.73,NA,1.16,NA,NA,0,NA
7/1/2015,1.12,NA,NA,NA,2.3,2.08,NA,NA,2.03,NA,1.36,NA,1.9,NA,2.92,NA,NA,0,NA
8/1/2015,0.61,NA,NA,NA,0.3,0.15,NA,NA,0.2,NA,0.15,NA,0.2,NA,0.48,NA,NA,0,NA
9/1/2015,0.1,NA,NA,NA,0.5,0.23,NA,NA,0.06,NA,0.12,NA,0.06,NA,0.36,NA,NA,0,NA
10/1/2015,0.3,NA,NA,NA,1.7,1.15,NA,NA,1.06,NA,0.93,NA,1.06,NA,1.68,NA,NA,3.92,NA
11/1/2015,2.03,NA,NA,NA,2.6,1.33,NA,NA,1.08,NA,0.76,NA,1.08,NA,2.16,NA,NA,0,NA
12/1/2015,2.87,NA,NA,NA,4.4,1.45,NA,NA,1.44,NA,0.49,NA,1.44,NA,3.42,NA,NA,0,NA
1/1/2016,1.25,NA,NA,NA,5.9,2.6,NA,NA,2.82,NA,0.97,NA,2.82,NA,4.88,NA,NA,0,NA
2/1/2016,1.45,NA,NA,NA,1.7,1.14,NA,NA,1.15,NA,NA,NA,1.15,NA,0.72,NA,NA,0,NA
3/1/2016,1.89,NA,NA,NA,3,1.33,NA,NA,1.3,NA,2.1,NA,1.3,NA,2.4,NA,NA,0,NA
4/1/2016,2.38,NA,NA,NA,2.9,1.28,NA,NA,1.36,NA,0.85,NA,1.36,NA,1.28,NA,NA,0,NA
5/1/2016,2.14,NA,NA,NA,1.8,1.05,NA,NA,1.4,NA,0.8,NA,1.4,NA,1.4,NA,NA,0,NA
6/1/2016,0.45,NA,NA,NA,0.8,1.18,NA,NA,0.73,NA,0.93,NA,0.73,NA,0.8,NA,NA,0,NA
7/1/2016,1.08,NA,NA,NA,0,0.67,NA,NA,0.12,NA,0.08,NA,0.12,NA,0.24,NA,NA,0,NA
8/1/2016,0,NA,NA,NA,0,0.01,NA,NA,0,NA,0,NA,0,NA,0.04,NA,NA,0,NA
9/1/2016,0,NA,NA,NA,0.3,0.83,NA,NA,0.12,NA,0.07,NA,0.12,NA,0.2,NA,NA,0,NA
10/1/2016,3.35,NA,NA,NA,4.8,2.07,NA,NA,2.95,NA,2.1,NA,2.95,NA,5.84,NA,NA,0,NA
11/1/2016,0.43,NA,NA,NA,1.1,0.52,NA,NA,0.69,NA,0.13,NA,0.69,NA,0.88,NA,NA,0,NA
12/1/2016,1.61,NA,NA,NA,3.4,2.02,NA,NA,2.65,NA,1.37,NA,2.65,NA,4.24,NA,NA,0,NA
1/1/2017,2.9,NA,NA,NA,18.8,11.23,NA,NA,10.91,NA,5.84,NA,10.91,NA,11.34,NA,NA,0,NA
2/1/2017,NA,NA,NA,NA,10.1,6.3,NA,NA,6.58,NA,NA,NA,5.43,NA,7.98,NA,NA,0,NA
3/1/2017,NA,NA,NA,NA,3.8,1.33,NA,NA,NA,NA,4.29,NA,NA,NA,1.6,NA,NA,0,NA
4/1/2017,NA,NA,NA,NA,4.3,1.88,NA,NA,NA,NA,1.24,NA,NA,NA,2.6,NA,NA,0,NA
5/1/2017,0.57,NA,NA,NA,1,1.05,NA,NA,NA,NA,1.04,NA,NA,NA,0.56,NA,NA,0,NA
6/1/2017,0.01,NA,NA,NA,0,0.05,NA,NA,NA,NA,0.14,NA,NA,NA,0.16,NA,NA,0,NA
7/1/2017,3.84,NA,NA,NA,0,0.1,NA,NA,NA,NA,0,NA,NA,NA,0,NA,NA,0,NA
8/1/2017,1.61,NA,NA,NA,1,0.5,NA,NA,NA,NA,0.22,NA,NA,NA,0.76,NA,NA,0,NA
9/1/2017,0.01,NA,NA,NA,1.1,0.65,NA,NA,NA,NA,0.57,NA,NA,NA,0.8,NA,NA,0,NA
10/1/2017,0.02,NA,NA,NA,0.4,0.08,NA,NA,NA,NA,0,NA,NA,NA,0.2,NA,NA,0,NA
11/1/2017,2.37,NA,NA,NA,4.5,2.7,NA,NA,NA,NA,1.75,NA,NA,NA,3.02,NA,NA,2.81,NA
12/1/2017,0.22,NA,NA,NA,0.3,0,NA,NA,NA,NA,0,NA,NA,NA,0.12,NA,NA,0.1,NA
1/1/2018,0.78,NA,NA,NA,1.7,0.63,NA,NA,NA,0.13,0.29,NA,NA,NA,1.44,NA,NA,0.57,NA
2/1/2018,0.83,NA,NA,NA,1.1,0.36,NA,NA,0.64,0.31,NA,NA,0.64,NA,0.68,NA,NA,0,NA
3/1/2018,3.67,NA,NA,NA,9.5,3.86,NA,NA,4.19,4.74,3.44,NA,4.19,NA,5.02,NA,NA,0,NA
4/1/2018,0.43,NA,NA,NA,3.1,1.13,NA,NA,1.11,1,1.03,NA,1.11,NA,3.76,NA,NA,0,NA
5/1/2018,1.78,NA,NA,NA,1.9,2.37,NA,NA,1.96,1.8,1.83,NA,1.96,NA,1.76,NA,NA,0,NA
6/1/2018,0,NA,NA,NA,0.3,0,NA,NA,0,0,0,NA,0,NA,0,NA,NA,0,NA
7/1/2018,1.11,NA,NA,NA,2.2,1.73,NA,NA,1.57,1.41,0.96,NA,1.57,NA,3.33,NA,NA,0,NA
8/1/2018,3.27,NA,NA,NA,0.5,0.12,NA,NA,0.07,0.06,0.21,NA,0.07,NA,0,NA,NA,0,NA
9/1/2018,0,NA,NA,NA,0.1,0,NA,NA,0,0.01,0.15,NA,0,NA,0,NA,NA,0,NA
10/1/2018,0.01,NA,NA,NA,0.7,0.22,NA,NA,0.19,0.23,0.1,NA,0.19,NA,0.36,NA,NA,0,NA
11/1/2018,0,NA,NA,NA,3.4,2.13,NA,NA,2.2,4.73,1.19,NA,2.2,NA,3,NA,NA,0,NA
12/1/2018,2.54,NA,NA,NA,1.5,0.63,NA,NA,0.9,1.4,0.33,NA,0.9,NA,0.87,NA,NA,0,NA
1/1/2019,3,NA,NA,NA,6.5,2.73,NA,NA,2.48,4.74,2.12,NA,1.46,NA,3.43,NA,NA,NA,NA
2/1/2019,2.01,NA,NA,NA,13.2,5.95,NA,NA,6.31,8.84,NA,NA,6.31,NA,6.16,NA,NA,NA,NA
3/1/2019,2.35,NA,NA,NA,4.7,2.39,NA,NA,2.73,4.8,4.36,NA,2.73,NA,3.4,NA,NA,NA,NA
4/1/2019,0.1,NA,NA,NA,0.7,0.04,NA,NA,0.25,0.52,0.01,NA,0.25,NA,0.84,NA,NA,0.01,NA
5/1/2019,0,NA,NA,NA,2.2,0.94,NA,NA,0.68,1.46,NA,NA,0.68,NA,1.4,NA,NA,NA,NA
6/1/2019,0.42,NA,NA,NA,0,0.32,NA,NA,0.09,0.2,NA,NA,0.09,NA,0.2,NA,NA,NA,NA
7/1/2019,0,NA,NA,NA,0.5,0.73,NA,NA,0.42,0.74,NA,NA,0.42,NA,0.68,NA,NA,0.03,NA
8/1/2019,0,NA,NA,NA,0.2,0,NA,NA,0.04,0.04,NA,NA,0.04,NA,0.2,NA,NA,0.04,NA
9/1/2019,0,NA,NA,NA,0.6,0.01,NA,NA,0.03,0.08,NA,NA,0.03,NA,0,NA,NA,0.51,NA
10/1/2019,0,NA,NA,NA,0,0,NA,NA,0.03,0,NA,NA,0,NA,0,NA,NA,0,NA
11/1/2019,0.91,NA,NA,NA,1.8,0.87,NA,NA,0.99,0,NA,NA,0.99,NA,1.54,NA,NA,0,NA
12/1/2019,0.05,NA,NA,NA,3.6,2.01,NA,NA,1.83,NA,NA,NA,1.83,NA,3.86,NA,NA,NA,NA
1/1/2020,1,NA,NA,NA,1.2,0.48,NA,NA,0.5,NA,NA,NA,0.5,NA,0.8,NA,NA,NA,NA
2/1/2020,NA,NA,NA,NA,0.3,0,NA,NA,0.02,NA,NA,NA,0.02,NA,0.36,NA,NA,0,NA
3/1/2020,NA,NA,NA,NA,2.9,1.52,NA,NA,1.06,NA,NA,NA,1.06,NA,1.92,NA,NA,0.43,NA
4/1/2020,0.16,NA,NA,NA,4.3,2.12,NA,NA,1.89,NA,NA,NA,1.89,NA,2.4,NA,NA,0,NA
5/1/2020,0.32,NA,NA,NA,0.6,0.32,NA,NA,0.23,NA,NA,NA,0.23,NA,0.48,NA,NA,NA,NA
6/1/2020,2.1,NA,NA,NA,0.3,0.35,NA,NA,0.22,NA,NA,NA,0.22,NA,0.16,NA,NA,NA,NA
7/1/2020,0.05,NA,NA,NA,0.1,0.32,NA,NA,0.1,NA,NA,NA,0.1,NA,0.22,NA,NA,NA,NA
8/1/2020,1.5,NA,NA,NA,0.9,0.75,NA,NA,0.36,NA,NA,NA,0.36,NA,0.46,NA,NA,NA,NA
9/1/2020,0,NA,NA,NA,0.3,0.04,NA,NA,0.07,NA,NA,NA,0.07,NA,0.13,NA,NA,NA,NA
10/1/2020,0,NA,NA,NA,0.1,0,NA,NA,0,NA,NA,NA,0,NA,0.01,NA,NA,NA,NA
11/1/2020,0.82,NA,NA,NA,1.9,1.3,NA,NA,NA,0.95,NA,NA,NA,NA,0.92,NA,NA,NA,NA
12/1/2020,0.41,NA,NA,NA,2.3,1.24,NA,NA,NA,0.98,NA,NA,NA,NA,1.89,NA,NA,NA,NA
1/1/2021,3.59,NA,NA,NA,6.1,4.08,NA,NA,NA,0.93,NA,NA,NA,NA,2.51,NA,NA,NA,NA
2/1/2021,0.02,NA,NA,NA,1.3,0.44,NA,NA,NA,0.33,NA,NA,NA,NA,1,NA,NA,NA,NA
3/1/2021,0.34,NA,NA,NA,2.5,0.25,NA,NA,NA,0.14,NA,NA,NA,NA,1.76,NA,NA,NA,NA
4/1/2021,0,NA,NA,NA,0.5,0.08,NA,NA,NA,0.05,NA,NA,NA,NA,0.28,NA,NA,0.15,NA
5/1/2021,1.4,NA,NA,NA,1.1,0.34,NA,NA,NA,0.47,NA,NA,NA,0.1,0.63,NA,NA,0.26,NA
6/1/2021,0.41,NA,NA,NA,0.8,0.52,NA,NA,NA,0.25,NA,NA,NA,0.46,0.64,NA,NA,0,NA
7/1/2021,3.07,NA,NA,NA,2.1,1.88,NA,NA,NA,2.07,NA,NA,NA,1.75,2.12,NA,NA,NA,NA
8/1/2021,0.27,NA,NA,NA,0.1,0,NA,NA,NA,0,NA,NA,NA,0,0,NA,NA,NA,NA
9/1/2021,0,NA,NA,NA,0.2,0.05,NA,NA,NA,0.04,NA,NA,NA,0.03,0.04,NA,NA,0,NA
10/1/2021,2.77,NA,NA,NA,5.3,2.33,NA,NA,NA,4.15,NA,NA,NA,4.43,4.93,NA,NA,3.17,NA
11/1/2021,0.22,NA,NA,NA,1,0.05,NA,NA,NA,0.73,NA,NA,NA,0.51,0.52,NA,NA,0.19,NA
12/1/2021,0.11,NA,NA,NA,11.4,6.11,NA,NA,NA,2.29,NA,NA,NA,5.69,6.04,NA,NA,0.39,NA
1/1/2022,0,NA,NA,NA,0.1,0,NA,NA,NA,0,NA,NA,NA,0,0.04,NA,NA,NA,NA
2/1/2022,0.33,NA,NA,NA,0.3,0.1,NA,NA,NA,0,NA,NA,NA,0.08,0.16,NA,NA,NA,NA
3/1/2022,1.06,NA,NA,NA,0.8,0.1,NA,NA,NA,0.16,NA,NA,NA,0.18,0.8,NA,NA,NA,NA
4/1/2022,0.13,NA,NA,NA,1.4,0.14,NA,NA,NA,0.49,NA,0.871,NA,0.14,1.32,NA,NA,NA,NA
5/1/2022,0.01,NA,NA,NA,0.2,0.02,NA,NA,NA,0,NA,0,NA,0,0.15,NA,NA,NA,NA
6/1/2022,0,NA,NA,NA,0,0,NA,NA,NA,0,NA,0.014,NA,0.01,0.28,NA,NA,NA,NA
7/1/2022,0.93,NA,NA,NA,0.1,0,NA,NA,NA,0,NA,0.173,NA,0,0.08,NA,NA,NA,NA
8/1/2022,1.76,NA,NA,NA,2.8,1.45,NA,NA,NA,1.09,NA,1.023,NA,0.99,1.68,NA,NA,NA,NA
9/1/2022,0.97,NA,NA,NA,1.4,0.74,NA,NA,NA,0.81,NA,NA,NA,0.76,NA,NA,NA,NA,NA
10/1/2022,0.3,NA,NA,NA,0.2,0.06,NA,NA,NA,0,NA,NA,NA,0.01,0.2,NA,NA,NA,NA
11/1/2022,0.01,NA,NA,NA,0.4,1.74,NA,NA,NA,0.01,NA,NA,NA,0.13,NA,NA,NA,NA,NA
